func_id,language,raw_source_path,generated_test_code
JA-002,java,data-research/java_functions/JA-002.java,"```java
package org.apache.commons.cli;

import org.junit.jupiter.api.Test;
import static org.junit.jupiter.api.Assertions.*;

public class CommandLineTest {
    @Test
    void testConcat_EmptyArrays() {
        boolean[] result = CommandLine.concat(new boolean[0], new boolean[0]);
        assertArrayEquals(new boolean[0], result);
    }

    @Test
    void testConcat_SingleNonEmptyArray() {
        boolean[] result = CommandLine.concat(new boolean[]{true, false});
        assertArrayEquals(new boolean[]{true, false}, result);
    }

    @Test
    void testConcat_MultipleArrays() {
        boolean[] result = CommandLine.concat(new boolean[]{true}, new boolean[]{false, true}, new boolean[]{});
        assertArrayEquals(new boolean[]{true, false, true}, result);
    }

    @Test
    void testConcat_NullArray() {
        boolean[] result = CommandLine.concat(new boolean[]{true}, null, new boolean[]{false});
        assertArrayEquals(new boolean[]{true, false}, result);
    }

    @Test
    void testConcat_AllNullArrays() {
        boolean[] result = CommandLine.concat(null, null);
        assertArrayEquals(new boolean[0], result);
    }
}
```"
JA-010,java,data-research/java_functions/JA-010.java,"```java
package org.apache.commons.cli;

import org.junit.jupiter.api.Test;
import static org.junit.jupiter.api.Assertions.*;

public class CommandLineTest {
    private static final int INDEX_NOT_FOUND = -1;

    @Test
    void testIndexOf_NaNValue() {
        double[] array = {1.0, 2.0, Double.NaN, 4.0};
        assertEquals(2, CommandLine.indexOf(array, Double.NaN, 0));
    }

    @Test
    void testIndexOf_EmptyArray() {
        double[] array = {};
        assertEquals(INDEX_NOT_FOUND, CommandLine.indexOf(array, 1.0, 0));
    }

    @Test
    void testIndexOf_ValueFound() {
        double[] array = {1.0, 2.0, 3.0, 4.0};
        assertEquals(2, CommandLine.indexOf(array, 3.0, 0));
    }

    @Test
    void testIndexOf_ValueNotFound() {
        double[] array = {1.0, 2.0, 3.0, 4.0};
        assertEquals(INDEX_NOT_FOUND, CommandLine.indexOf(array, 5.0, 0));
    }

    @Test
    void testIndexOf_StartIndex() {
        double[] array = {1.0, 2.0, 3.0, 4.0};
        assertEquals(3, CommandLine.indexOf(array, 4.0, 2));
    }

    @Test
    void testIndexOf_StartIndexOutOfBounds() {
        double[] array = {1.0, 2.0, 3.0, 4.0};
        assertEquals(INDEX_NOT_FOUND, CommandLine.indexOf(array, 1.0, 5));
    }
}
```"
JA-012,java,data-research/java_functions/JA-012.java,"```java
package org.apache.commons.cli;

import org.junit.jupiter.api.Test;

import java.lang.reflect.Array;

import static org.junit.jupiter.api.Assertions.*;

public class DefaultParserTest {

    @Test
    void testAdd_NullArray_ZeroIndex() {
        Object result = DefaultParser.add(null, 0, ""element"", String.class);
        assertEquals(1, Array.getLength(result));
        assertEquals(""element"", Array.get(result, 0));
    }

    @Test
    void testAdd_NullArray_NonZeroIndex() {
        IndexOutOfBoundsException exception = assertThrows(IndexOutOfBoundsException.class, () -> {
            DefaultParser.add(null, 1, ""element"", String.class);
        });
        assertEquals(""Index: 1, Length: 0"", exception.getMessage());
    }

    @Test
    void testAdd_ValidArray_ValidIndex() {
        String[] array = new String[]{""a"", ""b"", ""c""};
        Object result = DefaultParser.add(array, 1, ""newElement"", String.class);
        assertEquals(4, Array.getLength(result));
        assertEquals(""a"", Array.get(result, 0));
        assertEquals(""newElement"", Array.get(result, 1));
        assertEquals(""b"", Array.get(result, 2));
        assertEquals(""c"", Array.get(result, 3));
    }

    @Test
    void testAdd_ValidArray_IndexOutOfBounds() {
        String[] array = new String[]{""a"", ""b"", ""c""};
        IndexOutOfBoundsException exception = assertThrows(IndexOutOfBoundsException.class, () -> {
            DefaultParser.add(array, 4, ""element"", String.class);
        });
        assertEquals(""Index: 4, Length: 3"", exception.getMessage());
    }

    @Test
    void testAdd_ValidArray_NegativeIndex() {
        String[] array = new String[]{""a"", ""b"", ""c""};
        IndexOutOfBoundsException exception = assertThrows(IndexOutOfBoundsException.class, () -> {
            DefaultParser.add(array, -1, ""element"", String.class);
        });
        assertEquals(""Index: -1, Length: 3"", exception.getMessage());
    }
}
```"
JA-020,java,data-research/java_functions/JA-020.java,"```java
package org.apache.commons.cli;

import org.junit.jupiter.api.Test;
import static org.junit.jupiter.api.Assertions.*;

public class HelpFormatterTest {
    private static final int INDEX_NOT_FOUND = -1;

    @Test
    void testLastIndexOf_NullArray() {
        assertEquals(INDEX_NOT_FOUND, HelpFormatter.lastIndexOf(null, 1, 0));
    }

    @Test
    void testLastIndexOf_NegativeStartIndex() {
        int[] array = {1, 2, 3};
        assertEquals(INDEX_NOT_FOUND, HelpFormatter.lastIndexOf(array, 1, -1));
    }

    @Test
    void testLastIndexOf_StartIndexOutOfBounds() {
        int[] array = {1, 2, 3};
        assertEquals(0, HelpFormatter.lastIndexOf(array, 1, 5));
    }

    @Test
    void testLastIndexOf_ValueFound() {
        int[] array = {1, 2, 3, 1};
        assertEquals(3, HelpFormatter.lastIndexOf(array, 1, 3));
    }

    @Test
    void testLastIndexOf_ValueNotFound() {
        int[] array = {1, 2, 3};
        assertEquals(INDEX_NOT_FOUND, HelpFormatter.lastIndexOf(array, 4, 2));
    }

    @Test
    void testLastIndexOf_EmptyArray() {
        int[] array = {};
        assertEquals(INDEX_NOT_FOUND, HelpFormatter.lastIndexOf(array, 1, 0));
    }
}
```"
JA-022,java,data-research/java_functions/JA-022.java,"```java
package org.apache.commons.cli;

import org.junit.jupiter.api.Test;
import static org.junit.jupiter.api.Assertions.*;

public class DefaultParserTest {
    
    @Test
    void testIndexOf_EmptyArray() {
        assertEquals(DefaultParser.INDEX_NOT_FOUND, DefaultParser.indexOf(new Object[]{}, new Object(), 0));
    }

    @Test
    void testIndexOf_NullObjectToFind() {
        Object[] array = {1, 2, null, 4};
        assertEquals(2, DefaultParser.indexOf(array, null, 0));
    }

    @Test
    void testIndexOf_ObjectFound() {
        Object[] array = {1, 2, 3, 4};
        assertEquals(2, DefaultParser.indexOf(array, 3, 0));
    }

    @Test
    void testIndexOf_ObjectNotFound() {
        Object[] array = {1, 2, 3, 4};
        assertEquals(DefaultParser.INDEX_NOT_FOUND, DefaultParser.indexOf(array, 5, 0));
    }

    @Test
    void testIndexOf_StartIndexOutOfBounds() {
        Object[] array = {1, 2, 3, 4};
        assertEquals(DefaultParser.INDEX_NOT_FOUND, DefaultParser.indexOf(array, 1, 5));
    }

    @Test
    void testIndexOf_NegativeStartIndex() {
        Object[] array = {1, 2, 3, 4};
        assertEquals(0, DefaultParser.indexOf(array, 1, -1));
    }
}
```"
JA-030,java,data-research/java_functions/JA-030.java,"```java
package org.apache.commons.cli;

import org.junit.jupiter.api.Test;
import static org.junit.jupiter.api.Assertions.*;

public class DefaultParserTest {
    
    @Test
    void testInsert_NullArray() {
        assertNull(DefaultParser.insert(0, null, (short) 1, (short) 2));
    }

    @Test
    void testInsert_EmptyValues() {
        short[] array = {1, 2, 3};
        short[] result = DefaultParser.insert(1, array);
        assertArrayEquals(array, result);
    }

    @Test
    void testInsert_ValidInsertion() {
        short[] array = {1, 2, 3};
        short[] result = DefaultParser.insert(1, array, (short) 4, (short) 5);
        assertArrayEquals(new short[]{1, 4, 5, 2, 3}, result);
    }

    @Test
    void testInsert_IndexOutOfBounds_Negative() {
        short[] array = {1, 2, 3};
        assertThrows(IndexOutOfBoundsException.class, () -> {
            DefaultParser.insert(-1, array, (short) 4);
        });
    }

    @Test
    void testInsert_IndexOutOfBounds_TooHigh() {
        short[] array = {1, 2, 3};
        assertThrows(IndexOutOfBoundsException.class, () -> {
            DefaultParser.insert(4, array, (short) 4);
        });
    }

    @Test
    void testInsert_InsertionAtStart() {
        short[] array = {1, 2, 3};
        short[] result = DefaultParser.insert(0, array, (short) 4);
        assertArrayEquals(new short[]{4, 1, 2, 3}, result);
    }

    @Test
    void testInsert_InsertionAtEnd() {
        short[] array = {1, 2, 3};
        short[] result = DefaultParser.insert(3, array, (short) 4);
        assertArrayEquals(new short[]{1, 2, 3, 4}, result);
    }
}
```"
JA-032,java,data-research/java_functions/JA-032.java,"```java
package org.apache.commons.cli;

import org.junit.jupiter.api.Test;
import static org.junit.jupiter.api.Assertions.*;

public class DefaultParserTest {
    @Test
    void testToBooleanObject_ValueIsNull_TrueValueIsNull() {
        assertEquals(Boolean.TRUE, DefaultParser.toBooleanObject(null, null, 0, 1));
    }

    @Test
    void testToBooleanObject_ValueIsNull_FalseValueIsNull() {
        assertEquals(Boolean.FALSE, DefaultParser.toBooleanObject(null, 0, null, 1));
    }

    @Test
    void testToBooleanObject_ValueIsNull_NullValueIsNull() {
        assertNull(DefaultParser.toBooleanObject(null, 0, 1, null));
    }

    @Test
    void testToBooleanObject_ValueEqualsTrueValue() {
        assertEquals(Boolean.TRUE, DefaultParser.toBooleanObject(1, 1, 0, 2));
    }

    @Test
    void testToBooleanObject_ValueEqualsFalseValue() {
        assertEquals(Boolean.FALSE, DefaultParser.toBooleanObject(0, 1, 0, 2));
    }

    @Test
    void testToBooleanObject_ValueEqualsNullValue() {
        assertNull(DefaultParser.toBooleanObject(2, 1, 0, 2));
    }

    @Test
    void testToBooleanObject_ValueDoesNotMatchAnySpecifiedValue() {
        Exception exception = assertThrows(IllegalArgumentException.class, () -> {
            DefaultParser.toBooleanObject(3, 1, 0, 2);
        });
        assertEquals(""The Integer did not match any specified value"", exception.getMessage());
    }
}
```"
JA-040,java,data-research/java_functions/JA-040.java,"```java
package org.apache.commons.cli;

import org.junit.jupiter.api.Test;
import static org.junit.jupiter.api.Assertions.*;

public class HelpFormatterTest {
    
    @Test
    void testStripEnd_EmptyString() {
        assertEquals("""", HelpFormatter.stripEnd("""", null));
    }

    @Test
    void testStripEnd_WhitespaceOnly() {
        assertEquals("""", HelpFormatter.stripEnd(""   "", null));
    }

    @Test
    void testStripEnd_NullStripChars() {
        assertEquals(""Hello"", HelpFormatter.stripEnd(""Hello   "", null));
    }

    @Test
    void testStripEnd_EmptyStripChars() {
        assertEquals(""Hello"", HelpFormatter.stripEnd(""Hello"", """"));
    }

    @Test
    void testStripEnd_WithStripChars() {
        assertEquals(""Hello"", HelpFormatter.stripEnd(""Hello!!!"", ""!""));
    }

    @Test
    void testStripEnd_WithMultipleStripChars() {
        assertEquals(""Hello"", HelpFormatter.stripEnd(""Hello!!!??"", ""!?""));
    }

    @Test
    void testStripEnd_AllStripChars() {
        assertEquals("""", HelpFormatter.stripEnd(""!!!??"", ""!?""));
    }

    @Test
    void testStripEnd_NonWhitespace() {
        assertEquals(""Hello World"", HelpFormatter.stripEnd(""Hello World   "", null));
    }
}
```"
JA-042,java,data-research/java_functions/JA-042.java,"```java
package org.apache.commons.cli;

import org.junit.jupiter.api.Test;
import static org.junit.jupiter.api.Assertions.*;

public class DefaultParserTest {
    
    @Test
    void testSqueeze_EmptyString() {
        assertEquals("""", DefaultParser.squeeze(""""));
    }

    @Test
    void testSqueeze_NoSet() {
        assertEquals(""abc"", DefaultParser.squeeze(""abc""));
    }

    @Test
    void testSqueeze_ConsecutiveDuplicates() {
        assertEquals(""abc"", DefaultParser.squeeze(""aaabbbccc""));
    }

    @Test
    void testSqueeze_WithSet_OnlyInSet() {
        assertEquals(""abc"", DefaultParser.squeeze(""aaabbbccc"", ""a"", ""b"", ""c""));
    }

    @Test
    void testSqueeze_WithSet_IgnoreInSet() {
        assertEquals(""ab"", DefaultParser.squeeze(""aaabbb"", ""a""));
    }

    @Test
    void testSqueeze_WithSet_Mixed() {
        assertEquals(""a"", DefaultParser.squeeze(""aaab"", ""a""));
    }

    @Test
    void testSqueeze_WithSet_Complex() {
        assertEquals(""abc"", DefaultParser.squeeze(""aaabbbccc"", ""b""));
    }

    @Test
    void testSqueeze_SingleCharacter() {
        assertEquals(""a"", DefaultParser.squeeze(""a""));
    }

    @Test
    void testSqueeze_SingleCharacterWithSet() {
        assertEquals(""a"", DefaultParser.squeeze(""a"", ""a""));
    }
}
```"
JA-050,java,data-research/java_functions/JA-050.java,"```java
package org.apache.commons.cli;

import org.junit.jupiter.api.Test;
import static org.junit.jupiter.api.Assertions.*;

public class OptionComparatorTest {

    private final OptionComparator optionComparator = new OptionComparator();

    @Test
    void testEquals_BothNull() {
        assertTrue(optionComparator.equals(null, null));
    }

    @Test
    void testEquals_FirstNull() {
        assertFalse(optionComparator.equals(null, ""test""));
    }

    @Test
    void testEquals_SecondNull() {
        assertFalse(optionComparator.equals(""test"", null));
    }

    @Test
    void testEquals_SameString() {
        assertTrue(optionComparator.equals(""test"", ""test""));
    }

    @Test
    void testEquals_DifferentString() {
        assertFalse(optionComparator.equals(""test"", ""TEST""));
    }

    @Test
    void testEquals_DifferentLength() {
        assertFalse(optionComparator.equals(""test"", ""test1""));
    }

    @Test
    void testEquals_CharSequenceDifferent() {
        assertFalse(optionComparator.equals(new StringBuilder(""test""), new StringBuilder(""test1"")));
    }

    @Test
    void testEquals_CharSequenceSame() {
        assertTrue(optionComparator.equals(new StringBuilder(""test""), new StringBuilder(""test"")));
    }
}
```"
JA-052,java,data-research/java_functions/JA-052.java,"```java
package org.apache.commons.cli;

import org.junit.jupiter.api.Test;

import java.lang.annotation.Annotation;
import java.lang.reflect.Method;

import static org.junit.jupiter.api.Assertions.*;

public class PatternOptionBuilderTest {

    @Test
    void testEquals_SameAnnotations() {
        Annotation a1 = new TestAnnotation(""value"");
        Annotation a2 = a1;
        assertTrue(PatternOptionBuilder.equals(a1, a2));
    }

    @Test
    void testEquals_NullFirstAnnotation() {
        Annotation a1 = null;
        Annotation a2 = new TestAnnotation(""value"");
        assertFalse(PatternOptionBuilder.equals(a1, a2));
    }

    @Test
    void testEquals_NullSecondAnnotation() {
        Annotation a1 = new TestAnnotation(""value"");
        Annotation a2 = null;
        assertFalse(PatternOptionBuilder.equals(a1, a2));
    }

    @Test
    void testEquals_DifferentAnnotationTypes() {
        Annotation a1 = new TestAnnotation(""value"");
        Annotation a2 = new AnotherTestAnnotation(""value"");
        assertFalse(PatternOptionBuilder.equals(a1, a2));
    }

    @Test
    void testEquals_DifferentValues() {
        Annotation a1 = new TestAnnotation(""value1"");
        Annotation a2 = new TestAnnotation(""value2"");
        assertFalse(PatternOptionBuilder.equals(a1, a2));
    }

    @Test
    void testEquals_ValidAnnotations() {
        Annotation a1 = new TestAnnotation(""value"");
        Annotation a2 = new TestAnnotation(""value"");
        assertTrue(PatternOptionBuilder.equals(a1, a2));
    }

    @Test
    void testEquals_ReflectiveOperationException() {
        Annotation a1 = new TestAnnotationWithException();
        Annotation a2 = new TestAnnotation(""value"");
        assertFalse(PatternOptionBuilder.equals(a1, a2));
    }

    private @interface TestAnnotation {
        String value();
    }

    private @interface AnotherTestAnnotation {
        String value();
    }

    private @interface TestAnnotationWithException {
        String value() throws ReflectiveOperationException;
    }
}
```"
JA-060,java,data-research/java_functions/JA-060.java,"```java
package org.apache.commons.cli;

import org.junit.jupiter.api.Test;
import static org.junit.jupiter.api.Assertions.*;

public class PatternOptionBuilderTest {
    
    @Test
    void testShift_NullArray() {
        long[] array = null;
        PatternOptionBuilder.shift(array, 0, 5, 2);
        // No assertion needed, just checking for no exception
    }

    @Test
    void testShift_StartIndexOutOfBounds() {
        long[] array = {1, 2, 3, 4, 5};
        PatternOptionBuilder.shift(array, 5, 5, 2);
        assertArrayEquals(new long[]{1, 2, 3, 4, 5}, array);
    }

    @Test
    void testShift_EndIndexNegative() {
        long[] array = {1, 2, 3, 4, 5};
        PatternOptionBuilder.shift(array, 0, -1, 2);
        assertArrayEquals(new long[]{1, 2, 3, 4, 5}, array);
    }

    @Test
    void testShift_OffsetGreaterThanLength() {
        long[] array = {1, 2, 3, 4, 5};
        PatternOptionBuilder.shift(array, 0, 5, 7);
        assertArrayEquals(new long[]{4, 5, 1, 2, 3}, array);
    }

    @Test
    void testShift_OffsetNegative() {
        long[] array = {1, 2, 3, 4, 5};
        PatternOptionBuilder.shift(array, 0, 5, -2);
        assertArrayEquals(new long[]{3, 4, 5, 1, 2}, array);
    }

    @Test
    void testShift_OffsetZero() {
        long[] array = {1, 2, 3, 4, 5};
        PatternOptionBuilder.shift(array, 0, 5, 0);
        assertArrayEquals(new long[]{1, 2, 3, 4, 5}, array);
    }

    @Test
    void testShift_SingleElement() {
        long[] array = {1};
        PatternOptionBuilder.shift(array, 0, 1, 1);
        assertArrayEquals(new long[]{1}, array);
    }

    @Test
    void testShift_TwoElements() {
        long[] array = {1, 2};
        PatternOptionBuilder.shift(array, 0, 2, 1);
        assertArrayEquals(new long[]{2, 1}, array);
    }

    @Test
    void testShift_MultipleElements() {
        long[] array = {1, 2, 3, 4, 5};
        PatternOptionBuilder.shift(array, 0, 5, 2);
        assertArrayEquals(new long[]{3, 4, 5, 1, 2}, array);
    }
}
```"
PY-001,python,data-research/python_functions/PY-001.py,"```python
import pytest
from flask.app import Flask, Request, RequestRedirect, FormDataRoutingRedirect

class MockRequest:
    def __init__(self, routing_exception, method):
        self.routing_exception = routing_exception
        self.method = method

class MockApp:
    def __init__(self, debug):
        self.debug = debug

    def raise_routing_exception(self, request: MockRequest) -> None:
        if (
            not self.debug
            or not isinstance(request.routing_exception, RequestRedirect)
            or request.routing_exception.code in {307, 308}
            or request.method in {""GET"", ""HEAD"", ""OPTIONS""}
        ):
            raise request.routing_exception

        raise FormDataRoutingRedirect(request)

def test_raise_routing_exception_not_debug():
    app = MockApp(debug=False)
    request = MockRequest(RequestRedirect(302), ""POST"")
    with pytest.raises(RequestRedirect):
        app.raise_routing_exception(request)

def test_raise_routing_exception_is_not_redirect():
    app = MockApp(debug=True)
    request = MockRequest(Exception(""Some error""), ""POST"")
    with pytest.raises(Exception):
        app.raise_routing_exception(request)

def test_raise_routing_exception_redirect_307():
    app = MockApp(debug=True)
    request = MockRequest(RequestRedirect(307), ""POST"")
    with pytest.raises(RequestRedirect):
        app.raise_routing_exception(request)

def test_raise_routing_exception_redirect_308():
    app = MockApp(debug=True)
    request = MockRequest(RequestRedirect(308), ""POST"")
    with pytest.raises(RequestRedirect):
        app.raise_routing_exception(request)

def test_raise_routing_exception_get_method():
    app = MockApp(debug=True)
    request = MockRequest(RequestRedirect(302), ""GET"")
    with pytest.raises(RequestRedirect):
        app.raise_routing_exception(request)

def test_raise_routing_exception_head_method():
    app = MockApp(debug=True)
    request = MockRequest(RequestRedirect(302), ""HEAD"")
    with pytest.raises(RequestRedirect):
        app.raise_routing_exception(request)

def test_raise_routing_exception_options_method():
    app = MockApp(debug=True)
    request = MockRequest(RequestRedirect(302), ""OPTIONS"")
    with pytest.raises(RequestRedirect):
        app.raise_routing_exception(request)

def test_raise_routing_exception_valid_case():
    app = MockApp(debug=True)
    request = MockRequest(RequestRedirect(302), ""POST"")
    with pytest.raises(FormDataRoutingRedirect):
        app.raise_routing_exception(request)
```"
PY-002,python,data-research/python_functions/PY-002.py,"```python
import pytest
from flask.app import update_template_context
from unittest.mock import Mock

def test_update_template_context_with_request():
    ctx = Mock()
    ctx.has_request = True
    ctx.request.blueprints = ['blueprint1', 'blueprint2']
    
    context = {}
    template_context_processors = {
        'blueprint1': [Mock(return_value={'key1': 'value1'})],
        'blueprint2': [Mock(return_value={'key2': 'value2'})]
    }
    
    app = Mock()
    app.template_context_processors = template_context_processors
    
    update_template_context(app, ctx, context)
    
    assert context == {'key1': 'value1', 'key2': 'value2'}

def test_update_template_context_without_request():
    ctx = Mock()
    ctx.has_request = False
    
    context = {}
    template_context_processors = {
        None: [Mock(return_value={'key': 'value'})]
    }
    
    app = Mock()
    app.template_context_processors = template_context_processors
    
    update_template_context(app, ctx, context)
    
    assert context == {'key': 'value'}

def test_update_template_context_with_no_processors():
    ctx = Mock()
    ctx.has_request = True
    ctx.request.blueprints = ['blueprint1']
    
    context = {}
    template_context_processors = {
        'blueprint1': []
    }
    
    app = Mock()
    app.template_context_processors = template_context_processors
    
    update_template_context(app, ctx, context)
    
    assert context == {}
```"
PY-011,python,data-research/python_functions/PY-011.py,"```python
import pytest
from flask.app import AppContext, Response, InternalServerError

class MockApp:
    def __init__(self, propagate_exceptions=True, testing=False, debug=False):
        self.config = {""PROPAGATE_EXCEPTIONS"": propagate_exceptions}
        self.testing = testing
        self.debug = debug

    def log_exception(self, ctx, exc_info):
        pass

    def _find_error_handler(self, server_error, blueprints):
        return None

    def finalize_request(self, ctx, server_error, from_error_handler=False):
        return server_error

    def ensure_sync(self, handler):
        return handler

    def handle_exception(self, ctx: AppContext, e: Exception) -> Response:
        exc_info = sys.exc_info()
        got_request_exception.send(self, _async_wrapper=self.ensure_sync, exception=e)
        propagate = self.config[""PROPAGATE_EXCEPTIONS""]

        if propagate is None:
            propagate = self.testing or self.debug

        if propagate:
            if exc_info[1] is e:
                raise
            raise e

        self.log_exception(ctx, exc_info)
        server_error = InternalServerError(original_exception=e)
        handler = self._find_error_handler(server_error, ctx.request.blueprints)

        if handler is not None:
            server_error = self.ensure_sync(handler)(server_error)

        return self.finalize_request(ctx, server_error, from_error_handler=True)

def test_handle_exception_propagate():
    app = MockApp(propagate_exceptions=True)
    ctx = AppContext()
    with pytest.raises(Exception):
        app.handle_exception(ctx, Exception(""Test Exception""))

def test_handle_exception_no_propagate():
    app = MockApp(propagate_exceptions=False)
    ctx = AppContext()
    response = app.handle_exception(ctx, Exception(""Test Exception""))
    assert isinstance(response, InternalServerError)

def test_handle_exception_with_testing_mode():
    app = MockApp(propagate_exceptions=False, testing=True)
    ctx = AppContext()
    response = app.handle_exception(ctx, Exception(""Test Exception""))
    assert isinstance(response, InternalServerError)

def test_handle_exception_with_debug_mode():
    app = MockApp(propagate_exceptions=False, debug=True)
    ctx = AppContext()
    response = app.handle_exception(ctx, Exception(""Test Exception""))
    assert isinstance(response, InternalServerError)
```"
PY-012,python,data-research/python_functions/PY-012.py,"```python
import pytest
from flask.app import Flask, AppContext, Response

@pytest.fixture
def app():
    app = Flask(__name__)

    @app.after_request
    def after_request_func(response):
        response.headers['X-After-Request'] = 'Processed'
        return response

    return app

def test_process_response_with_after_request(app):
    with app.app_context() as ctx:
        response = Response(""Hello World"")
        processed_response = app.process_response(ctx, response)
        assert processed_response.headers['X-After-Request'] == 'Processed'

def test_process_response_with_no_after_request(app):
    with app.app_context() as ctx:
        response = Response(""Hello World"")
        ctx._after_request_functions = []
        processed_response = app.process_response(ctx, response)
        assert processed_response is response

def test_process_response_with_session(app):
    with app.app_context() as ctx:
        response = Response(""Hello World"")
        ctx._get_session = lambda: {}
        ctx._session_interface = app.session_interface
        processed_response = app.process_response(ctx, response)
        assert processed_response is response  # Assuming session does not modify response

def test_process_response_with_multiple_after_requests(app):
    with app.app_context() as ctx:
        @app.after_request
        def another_after_request_func(response):
            response.headers['X-Another-After-Request'] = 'Processed'
            return response

        response = Response(""Hello World"")
        processed_response = app.process_response(ctx, response)
        assert processed_response.headers['X-After-Request'] == 'Processed'
        assert processed_response.headers['X-Another-After-Request'] == 'Processed'
```"
PY-021,python,data-research/python_functions/PY-021.py,"```python
import pytest
from flask.app import Flask

@pytest.fixture
def app():
    app = Flask(__name__)
    app.config[""TRUSTED_HOSTS""] = None
    app.config[""SERVER_NAME""] = ""example.com""
    app.config[""APPLICATION_ROOT""] = ""/""
    app.config[""PREFERRED_URL_SCHEME""] = ""http""
    return app

def test_create_url_adapter_with_request(app):
    with app.test_request_context(environ={'HTTP_HOST': 'example.com'}):
        adapter = app.create_url_adapter(app.request)
        assert adapter is not None

def test_create_url_adapter_with_trusted_hosts(app):
    app.config[""TRUSTED_HOSTS""] = [""example.com""]
    with app.test_request_context(environ={'HTTP_HOST': 'example.com'}):
        adapter = app.create_url_adapter(app.request)
        assert adapter is not None

def test_create_url_adapter_without_request(app):
    adapter = app.create_url_adapter(None)
    assert adapter is not None

def test_create_url_adapter_without_server_name(app):
    app.config[""SERVER_NAME""] = None
    adapter = app.create_url_adapter(None)
    assert adapter is None
```"
PY-022,python,data-research/python_functions/PY-022.py,"```python
import pytest
from flask.app import handle_user_exception
from werkzeug.exceptions import BadRequestKeyError, HTTPException

class MockAppContext:
    def __init__(self, debug=False, trap_bad_request_errors=False):
        self.debug = debug
        self.config = {""TRAP_BAD_REQUEST_ERRORS"": trap_bad_request_errors}
        self.request = MockRequest()

class MockRequest:
    def __init__(self):
        self.blueprints = []

def mock_handler(e):
    return f""Handled: {str(e)}""

def test_handle_user_exception_bad_request_key_error_debug():
    ctx = MockAppContext(debug=True)
    e = BadRequestKeyError(""bad_key"")
    response = handle_user_exception(ctx, e)
    assert response is None  # Assuming the function returns None for this case

def test_handle_user_exception_bad_request_key_error_no_debug():
    ctx = MockAppContext(debug=False, trap_bad_request_errors=True)
    e = BadRequestKeyError(""bad_key"")
    response = handle_user_exception(ctx, e)
    assert response is None  # Assuming the function returns None for this case

def test_handle_user_exception_http_exception_not_trapped():
    ctx = MockAppContext()
    e = HTTPException(""HTTP error"")
    response = handle_user_exception(ctx, e)
    assert response is None  # Assuming the function returns None for this case

def test_handle_user_exception_http_exception_trapped():
    ctx = MockAppContext()
    e = HTTPException(""HTTP error"")
    ctx.trap_http_exception = lambda x: True
    response = handle_user_exception(ctx, e)
    assert response is None  # Assuming the function returns None for this case

def test_handle_user_exception_no_handler():
    ctx = MockAppContext()
    e = Exception(""generic error"")
    with pytest.raises(Exception):
        handle_user_exception(ctx, e)
```"
PY-031,python,data-research/python_functions/PY-031.py,"```python
import pytest
from flask.app import Flask, AppContext

@pytest.fixture
def app():
    app = Flask(__name__)

    @app.before_request
    def before_request_func():
        return ""Before Request""

    @app.url_value_preprocessor
    def url_value_preprocessor(endpoint, values):
        pass

    return app

def test_preprocess_request_no_before_request(app):
    with app.app_context():
        ctx = AppContext(app)
        ctx.push()
        assert app.preprocess_request(ctx) is None
        ctx.pop()

def test_preprocess_request_with_before_request(app):
    with app.app_context():
        ctx = AppContext(app)
        ctx.push()
        app.before_request_funcs['test_blueprint'] = [lambda: ""Before Request""]
        assert app.preprocess_request(ctx) == ""Before Request""
        ctx.pop()

def test_preprocess_request_with_url_value_preprocessor(app):
    with app.app_context():
        ctx = AppContext(app)
        ctx.push()
        app.url_value_preprocessors['test_blueprint'] = [lambda endpoint, values: None]
        assert app.preprocess_request(ctx) is None
        ctx.pop()

def test_preprocess_request_with_multiple_before_requests(app):
    with app.app_context():
        ctx = AppContext(app)
        ctx.push()
        app.before_request_funcs['test_blueprint'] = [
            lambda: None,
            lambda: ""Before Request""
        ]
        assert app.preprocess_request(ctx) == ""Before Request""
        ctx.pop()
```"
PY-032,python,data-research/python_functions/PY-032.py,"```python
import pytest
from flask.app import wsgi_app

def test_wsgi_app_successful_response(mocker):
    environ = {'REQUEST_METHOD': 'GET'}
    start_response = mocker.Mock()
    app = mocker.Mock()
    app.request_context.return_value.push = mocker.Mock()
    app.full_dispatch_request.return_value = lambda environ, start_response: start_response('200 OK', [])
    
    response = app.wsgi_app(environ, start_response)
    
    assert response == '200 OK'
    start_response.assert_called_once_with('200 OK', [])

def test_wsgi_app_exception_handling(mocker):
    environ = {'REQUEST_METHOD': 'GET'}
    start_response = mocker.Mock()
    app = mocker.Mock()
    app.request_context.return_value.push = mocker.Mock()
    app.full_dispatch_request.side_effect = Exception(""Test Exception"")
    app.handle_exception.return_value = lambda environ, start_response: start_response('500 Internal Server Error', [])
    
    response = app.wsgi_app(environ, start_response)
    
    assert response == '500 Internal Server Error'
    start_response.assert_called_once_with('500 Internal Server Error', [])

def test_wsgi_app_unhandled_exception(mocker):
    environ = {'REQUEST_METHOD': 'GET'}
    start_response = mocker.Mock()
    app = mocker.Mock()
    app.request_context.return_value.push = mocker.Mock()
    app.full_dispatch_request.side_effect = ValueError(""Unhandled Exception"")
    
    with pytest.raises(ValueError):
        app.wsgi_app(environ, start_response)

def test_wsgi_app_preserve_context(mocker):
    environ = {
        'REQUEST_METHOD': 'GET',
        'werkzeug.debug.preserve_context': mocker.Mock()
    }
    start_response = mocker.Mock()
    app = mocker.Mock()
    app.request_context.return_value.push = mocker.Mock()
    app.full_dispatch_request.return_value = lambda environ, start_response: start_response('200 OK', [])
    
    response = app.wsgi_app(environ, start_response)
    
    assert response == '200 OK'
    environ['werkzeug.debug.preserve_context'].assert_called_once()
```"
PY-040,python,data-research/python_functions/PY-040.py,"```python
import pytest
import click
from flask.cli import _validate_key

def test_validate_key_adhoc_cert():
    ctx = click.Context(click.Command(""test""))
    ctx.params = {""cert"": ""adhoc""}
    with pytest.raises(click.BadParameter, match='When ""--cert"" is ""adhoc"", ""--key"" is not used.'):
        _validate_key(ctx, click.Parameter(name=""key""), ""some_key"")

def test_validate_key_ssl_context():
    class MockSSLContext:
        pass

    ctx = click.Context(click.Command(""test""))
    ctx.params = {""cert"": MockSSLContext()}
    with pytest.raises(click.BadParameter, match='When ""--cert"" is an SSLContext object, ""--key"" is not used.'):
        _validate_key(ctx, click.Parameter(name=""key""), ""some_key"")

def test_validate_key_no_cert():
    ctx = click.Context(click.Command(""test""))
    ctx.params = {""cert"": None}
    with pytest.raises(click.BadParameter, match='""--cert"" must also be specified.'):
        _validate_key(ctx, click.Parameter(name=""key""), ""some_key"")

def test_validate_key_required_key():
    ctx = click.Context(click.Command(""test""))
    ctx.params = {""cert"": ""some_cert""}
    with pytest.raises(click.BadParameter, match='Required when using ""--cert"".'):
        _validate_key(ctx, click.Parameter(name=""key""), None)

def test_validate_key_success():
    ctx = click.Context(click.Command(""test""))
    ctx.params = {""cert"": ""some_cert""}
    result = _validate_key(ctx, click.Parameter(name=""key""), ""some_key"")
    assert result == ""some_key""
    assert ctx.params[""cert""] == (""some_cert"", ""some_key"")
```"
PY-041,python,data-research/python_functions/PY-041.py,"```python
import os
import sys
import importlib.util
import pytest
from flask.helpers import get_root_path

def test_get_root_path_module_with_file():
    # Create a temporary module with a __file__ attribute
    module_name = ""test_module""
    module_code = ""print('This is a test module')""
    with open(f""{module_name}.py"", ""w"") as f:
        f.write(module_code)
    
    try:
        # Import the module
        sys.modules[module_name] = __import__(module_name)
        assert get_root_path(module_name) == os.path.dirname(os.path.abspath(f""{module_name}.py""))
    finally:
        os.remove(f""{module_name}.py"")
        del sys.modules[module_name]

def test_get_root_path_namespace_package():
    # Test for a namespace package scenario
    with pytest.raises(RuntimeError):
        get_root_path(""non_existent_namespace_package"")

def test_get_root_path_unloaded_main_module():
    # Test for an unloaded main module
    assert get_root_path(""__main__"") == os.getcwd()

def test_get_root_path_no_file():
    # Test for a module without a __file__ attribute
    module_name = ""test_module_no_file""
    sys.modules[module_name] = type(sys)(module_name)  # Create a module without a __file__
    try:
        with pytest.raises(RuntimeError):
            get_root_path(module_name)
    finally:
        del sys.modules[module_name]
```"
PY-046,python,data-research/python_functions/PY-046.py,"```python
import pytest
from flask.app import Flask

class TestFlaskSubclass(Flask):
    def handle_http_exception(self, e):
        pass

    def handle_user_exception(self, e):
        pass

    def handle_exception(self, e):
        pass

    def log_exception(self, e):
        pass

    def dispatch_request(self):
        pass

    def full_dispatch_request(self):
        pass

    def finalize_request(self):
        pass

    def make_default_options_response(self):
        pass

    def preprocess_request(self):
        pass

    def process_response(self, response):
        return response

    def do_teardown_request(self, exc=None):
        pass

    def do_teardown_appcontext(self, exc=None):
        pass

def test_init_subclass_warning(mocker):
    mock_warning = mocker.patch(""warnings.warn"")
    TestFlaskSubclass.__init_subclass__()

    assert mock_warning.call_count == 10
    for method in [
        ""handle_http_exception"",
        ""handle_user_exception"",
        ""handle_exception"",
        ""log_exception"",
        ""dispatch_request"",
        ""full_dispatch_request"",
        ""finalize_request"",
        ""make_default_options_response"",
        ""preprocess_request"",
        ""process_response"",
        ""do_teardown_request"",
        ""do_teardown_appcontext"",
    ]:
        mock_warning.assert_any_call(
            f""The '{method}' method now takes 'ctx: AppContext' as the first parameter. The old signature is deprecated and will not be supported in Flask 4.0."",
            DeprecationWarning,
            stacklevel=2,
        )
```"
PY-047,python,data-research/python_functions/PY-047.py,"```python
import os
import pathlib
import importlib.util
import pytest
from flask.sansio.scaffold import _find_package_path

def test_find_package_path_valid_module():
    assert _find_package_path(""os"") == os.path.dirname(os.path.abspath(os.__file__))

def test_find_package_path_valid_namespace_package():
    # Assuming 'flask' is a namespace package
    assert _find_package_path(""flask.sansio"") == os.path.dirname(os.path.abspath(""flask/sansio""))

def test_find_package_path_invalid_module():
    assert _find_package_path(""invalid_module_name"") == os.getcwd()

def test_find_package_path_main_module():
    assert _find_package_path(""__main__"") == os.getcwd()

def test_find_package_path_empty_string():
    assert _find_package_path("""") == os.getcwd()
```"
JA-001,java,data-research/java_functions/JA-001.java,"```java
package org.joda.time;

import org.junit.jupiter.api.Test;
import static org.junit.jupiter.api.Assertions.*;

public class DateTimeComparatorTest {

    private class TestLimit {
        private String name;

        public TestLimit(String name) {
            this.name = name;
        }

        public String getName() {
            return name;
        }
    }

    @Test
    void testToString_EqualLimits() {
        DateTimeComparator comparator = new DateTimeComparator();
        comparator.iLowerLimit = new TestLimit(""Lower"");
        comparator.iUpperLimit = new TestLimit(""Lower"");
        assertEquals(""DateTimeComparator[Lower]"", comparator.toString());
    }

    @Test
    void testToString_NullLowerLimit() {
        DateTimeComparator comparator = new DateTimeComparator();
        comparator.iLowerLimit = null;
        comparator.iUpperLimit = new TestLimit(""Upper"");
        assertEquals(""DateTimeComparator[-Upper]"", comparator.toString());
    }

    @Test
    void testToString_NullUpperLimit() {
        DateTimeComparator comparator = new DateTimeComparator();
        comparator.iLowerLimit = new TestLimit(""Lower"");
        comparator.iUpperLimit = null;
        assertEquals(""DateTimeComparator[Lower-]"", comparator.toString());
    }

    @Test
    void testToString_DifferentLimits() {
        DateTimeComparator comparator = new DateTimeComparator();
        comparator.iLowerLimit = new TestLimit(""Lower"");
        comparator.iUpperLimit = new TestLimit(""Upper"");
        assertEquals(""DateTimeComparator[Lower-Upper]"", comparator.toString());
    }

    @Test
    void testToString_BothNullLimits() {
        DateTimeComparator comparator = new DateTimeComparator();
        comparator.iLowerLimit = null;
        comparator.iUpperLimit = null;
        assertEquals(""DateTimeComparator[]"", comparator.toString());
    }
}
```"
JA-002,java,data-research/java_functions/JA-002.java,"```java
package org.apache.commons.cli;

import org.junit.jupiter.api.Test;
import static org.junit.jupiter.api.Assertions.*;
import java.util.Arrays;

public class CommandLineTest {

    @Test
    void testGetOptionValues_NullOption() {
        CommandLine commandLine = new CommandLine();
        assertNull(commandLine.getOptionValues(null));
    }

    @Test
    void testGetOptionValues_EmptyOptions() {
        CommandLine commandLine = new CommandLine();
        Option option = new Option(""a"", ""optionA"", false, ""An option"");
        assertNull(commandLine.getOptionValues(option));
    }

    @Test
    void testGetOptionValues_OptionNotFound() {
        CommandLine commandLine = new CommandLine();
        Option option = new Option(""a"", ""optionA"", false, ""An option"");
        commandLine.addOption(new Option(""b"", ""optionB"", false, ""Another option""));
        assertNull(commandLine.getOptionValues(option));
    }

    @Test
    void testGetOptionValues_OptionFound() {
        CommandLine commandLine = new CommandLine();
        Option option = new Option(""a"", ""optionA"", false, ""An option"");
        option.addValue(""value1"");
        commandLine.addOption(option);
        assertArrayEquals(new String[]{""value1""}, commandLine.getOptionValues(option));
    }

    @Test
    void testGetOptionValues_OptionWithMultipleValues() {
        CommandLine commandLine = new CommandLine();
        Option option = new Option(""a"", ""optionA"", false, ""An option"");
        option.addValue(""value1"");
        option.addValue(""value2"");
        commandLine.addOption(option);
        assertArrayEquals(new String[]{""value1"", ""value2""}, commandLine.getOptionValues(option));
    }

    @Test
    void testGetOptionValues_DeprecatedOption() {
        CommandLine commandLine = new CommandLine();
        Option option = new Option(""a"", ""optionA"", false, ""An option"");
        option.setDeprecated(true);
        option.addValue(""value1"");
        commandLine.addOption(option);
        assertArrayEquals(new String[]{""value1""}, commandLine.getOptionValues(option));
    }
}
```"
JA-003,java,data-research/java_functions/JA-003.java,"```java
package org.apache.commons.collections4;

import org.junit.jupiter.api.Test;

import java.util.ArrayList;
import java.util.Iterator;
import java.util.List;
import java.util.function.Predicate;

import static org.junit.jupiter.api.Assertions.*;

public class SetOperationCardinalityHelperTest {

    @Test
    void testFilter_NullCollection() {
        Predicate<Integer> predicate = x -> x > 0;
        assertFalse(SetOperationCardinalityHelper.filter(null, predicate));
    }

    @Test
    void testFilter_NullPredicate() {
        List<Integer> collection = new ArrayList<>();
        collection.add(1);
        assertFalse(SetOperationCardinalityHelper.filter(collection, null));
    }

    @Test
    void testFilter_EmptyCollection() {
        List<Integer> collection = new ArrayList<>();
        Predicate<Integer> predicate = x -> x > 0;
        assertFalse(SetOperationCardinalityHelper.filter(collection, predicate));
    }

    @Test
    void testFilter_NoElementsRemoved() {
        List<Integer> collection = new ArrayList<>();
        collection.add(1);
        collection.add(2);
        Predicate<Integer> predicate = x -> x > 0;
        assertFalse(SetOperationCardinalityHelper.filter(collection, predicate));
        assertEquals(2, collection.size());
    }

    @Test
    void testFilter_ElementsRemoved() {
        List<Integer> collection = new ArrayList<>();
        collection.add(1);
        collection.add(-1);
        Predicate<Integer> predicate = x -> x > 0;
        assertTrue(SetOperationCardinalityHelper.filter(collection, predicate));
        assertEquals(1, collection.size());
        assertEquals(1, collection.get(0));
    }

    @Test
    void testFilter_AllElementsRemoved() {
        List<Integer> collection = new ArrayList<>();
        collection.add(-1);
        collection.add(-2);
        Predicate<Integer> predicate = x -> x > 0;
        assertTrue(SetOperationCardinalityHelper.filter(collection, predicate));
        assertTrue(collection.isEmpty());
    }
}
```"
JA-004,java,data-research/java_functions/JA-004.java,"```java
package org.apache.commons.csv;

import org.junit.jupiter.api.Test;
import static org.junit.jupiter.api.Assertions.*;

public class CSVFormatTest {

    private final CSVFormat csvFormat = new CSVFormat();

    @Test
    void testIsDelimiter_MatchingDelimiter() {
        char[] delimiter = {',', ' '};
        assertTrue(csvFormat.isDelimiter(',', ""abc, def"", 3, delimiter, 1));
    }

    @Test
    void testIsDelimiter_NonMatchingFirstChar() {
        char[] delimiter = {',', ' '};
        assertFalse(csvFormat.isDelimiter(';', ""abc, def"", 3, delimiter, 1));
    }

    @Test
    void testIsDelimiter_InsufficientLength() {
        char[] delimiter = {',', ' '};
        assertFalse(csvFormat.isDelimiter(',', ""abc"", 0, delimiter, 2));
    }

    @Test
    void testIsDelimiter_NonMatchingSubsequentChars() {
        char[] delimiter = {',', ' '};
        assertFalse(csvFormat.isDelimiter(',', ""abc,xyz"", 3, delimiter, 2));
    }

    @Test
    void testIsDelimiter_EmptyCharSequence() {
        char[] delimiter = {',', ' '};
        assertFalse(csvFormat.isDelimiter(',', """", 0, delimiter, 1));
    }

    @Test
    void testIsDelimiter_ExactMatch() {
        char[] delimiter = {',', ' '};
        assertTrue(csvFormat.isDelimiter(',', ""abc, "", 3, delimiter, 1));
    }
}
```"
JA-005,java,data-research/java_functions/JA-005.java,"```java
package org.apache.commons.math4.core.jdkmath;

import org.junit.jupiter.api.Test;
import static org.junit.jupiter.api.Assertions.*;

public class AccurateMathTest {
    @Test
    void testCbrt_Zero() {
        assertEquals(0.0, AccurateMath.cbrt(0.0), 1e-10);
    }

    @Test
    void testCbrt_Positive() {
        assertEquals(3.0, AccurateMath.cbrt(27.0), 1e-10);
    }

    @Test
    void testCbrt_Negative() {
        assertEquals(-3.0, AccurateMath.cbrt(-27.0), 1e-10);
    }

    @Test
    void testCbrt_PositiveSubnormal() {
        assertTrue(AccurateMath.cbrt(1.0e-300) > 0.0);
    }

    @Test
    void testCbrt_NegativeSubnormal() {
        assertTrue(AccurateMath.cbrt(-1.0e-300) < 0.0);
    }

    @Test
    void testCbrt_PositiveInfinity() {
        assertEquals(Double.POSITIVE_INFINITY, AccurateMath.cbrt(Double.POSITIVE_INFINITY));
    }

    @Test
    void testCbrt_NegativeInfinity() {
        assertEquals(Double.NEGATIVE_INFINITY, AccurateMath.cbrt(Double.NEGATIVE_INFINITY));
    }

    @Test
    void testCbrt_NaN() {
        assertTrue(Double.isNaN(AccurateMath.cbrt(Double.NaN)));
    }
}
```"
JA-006,java,data-research/java_functions/JA-006.java,"```java
package com.google.gson.typeadapters;

import com.google.gson.Gson;
import com.google.gson.reflect.TypeToken;
import org.junit.jupiter.api.Test;

import java.lang.reflect.Method;

import static org.junit.jupiter.api.Assertions.*;

class PostConstructAdapterFactoryTest {

    private final PostConstructAdapterFactory factory = new PostConstructAdapterFactory();
    private final Gson gson = new Gson();

    @Test
    void testCreate_WithPostConstructMethod() throws Exception {
        class TestClass {
            @PostConstruct
            public void init() {
                // Initialization logic
            }
        }

        TypeToken<TestClass> typeToken = new TypeToken<TestClass>() {};
        TypeAdapter<TestClass> adapter = factory.create(gson, typeToken);
        assertNotNull(adapter);
    }

    @Test
    void testCreate_WithoutPostConstructMethod() {
        class TestClassWithoutPostConstruct {
            // No PostConstruct method
        }

        TypeToken<TestClassWithoutPostConstruct> typeToken = new TypeToken<TestClassWithoutPostConstruct>() {};
        TypeAdapter<TestClassWithoutPostConstruct> adapter = factory.create(gson, typeToken);
        assertNull(adapter);
    }

    @Test
    void testCreate_WithSuperclassPostConstructMethod() throws Exception {
        class SuperClass {
            @PostConstruct
            public void init() {
                // Initialization logic
            }
        }

        class SubClass extends SuperClass {
            // Inherits PostConstruct method
        }

        TypeToken<SubClass> typeToken = new TypeToken<SubClass>() {};
        TypeAdapter<SubClass> adapter = factory.create(gson, typeToken);
        assertNotNull(adapter);
    }

    @Test
    void testCreate_WithMultipleSuperclasses() throws Exception {
        class BaseClass {
            // No PostConstruct method
        }

        class IntermediateClass extends BaseClass {
            @PostConstruct
            public void init() {
                // Initialization logic
            }
        }

        class SubClass extends IntermediateClass {
            // Inherits PostConstruct method
        }

        TypeToken<SubClass> typeToken = new TypeToken<SubClass>() {};
        TypeAdapter<SubClass> adapter = factory.create(gson, typeToken);
        assertNotNull(adapter);
    }
}
```"
JA-007,java,data-research/java_functions/JA-007.java,"```java
package org.jfree.chart;

import org.junit.jupiter.api.Test;
import static org.junit.jupiter.api.Assertions.*;
import org.jfree.chart.plot.PlotOrientation;
import org.jfree.data.category.CategoryDataset;
import org.jfree.chart.JFreeChart;

public class ChartFactoryTest {

    @Test
    void testCreateBarChart_HorizontalWithTooltipsAndUrls() {
        CategoryDataset dataset = createMockDataset();
        JFreeChart chart = ChartFactory.createBarChart(""Title"", ""Category"", ""Value"", dataset, PlotOrientation.HORIZONTAL, true, true, true);
        assertNotNull(chart);
    }

    @Test
    void testCreateBarChart_HorizontalWithoutTooltipsAndUrls() {
        CategoryDataset dataset = createMockDataset();
        JFreeChart chart = ChartFactory.createBarChart(""Title"", ""Category"", ""Value"", dataset, PlotOrientation.HORIZONTAL, false, false, false);
        assertNotNull(chart);
    }

    @Test
    void testCreateBarChart_VerticalWithTooltipsAndUrls() {
        CategoryDataset dataset = createMockDataset();
        JFreeChart chart = ChartFactory.createBarChart(""Title"", ""Category"", ""Value"", dataset, PlotOrientation.VERTICAL, true, true, true);
        assertNotNull(chart);
    }

    @Test
    void testCreateBarChart_VerticalWithoutTooltipsAndUrls() {
        CategoryDataset dataset = createMockDataset();
        JFreeChart chart = ChartFactory.createBarChart(""Title"", ""Category"", ""Value"", dataset, PlotOrientation.VERTICAL, false, false, false);
        assertNotNull(chart);
    }

    @Test
    void testCreateBarChart_NullOrientation() {
        CategoryDataset dataset = createMockDataset();
        assertThrows(IllegalArgumentException.class, () -> {
            ChartFactory.createBarChart(""Title"", ""Category"", ""Value"", dataset, null, true, true, true);
        });
    }

    private CategoryDataset createMockDataset() {
        // Implement a mock dataset for testing purposes
        return null; // Replace with actual dataset creation logic
    }
}
```"
JA-008,java,data-research/java_functions/JA-008.java,"```java
package org.jsoup.examples;

import org.junit.jupiter.api.Test;
import java.io.ByteArrayOutputStream;
import java.io.PrintStream;
import java.io.IOException;

import static org.junit.jupiter.api.Assertions.assertEquals;

public class HtmlToPlainTextTest {

    @Test
    void testMain_WithUrlOnly() throws IOException {
        // Redirecting output to capture it
        ByteArrayOutputStream outputStream = new ByteArrayOutputStream();
        PrintStream printStream = new PrintStream(outputStream);
        PrintStream originalOut = System.out;
        System.setOut(printStream);

        String[] args = {""http://example.com""};
        HtmlToPlainText.main(args);

        System.out.flush();
        System.setOut(originalOut);

        String output = outputStream.toString();
        // Validate the output contains expected plain text (this is a placeholder)
        assertEquals(""Expected plain text output"", output.trim());
    }

    @Test
    void testMain_WithUrlAndSelector() throws IOException {
        // Redirecting output to capture it
        ByteArrayOutputStream outputStream = new ByteArrayOutputStream();
        PrintStream printStream = new PrintStream(outputStream);
        PrintStream originalOut = System.out;
        System.setOut(printStream);

        String[] args = {""http://example.com"", ""p""};
        HtmlToPlainText.main(args);

        System.out.flush();
        System.setOut(originalOut);

        String output = outputStream.toString();
        // Validate the output contains expected plain text for the selector (this is a placeholder)
        assertEquals(""Expected plain text output for selector"", output.trim());
    }

    @Test
    void testMain_WithInvalidArgs() {
        String[] args = {""http://example.com"", ""p"", ""extraArg""};
        Exception exception = assertThrows(IllegalArgumentException.class, () -> {
            HtmlToPlainText.main(args);
        });
        assertEquals(""usage: java -jar jsoup-examples.jar url [selector]"", exception.getMessage());
    }
}
```"
JA-009,java,data-research/java_functions/JA-009.java,"```java
package org.joda.time;

import org.junit.jupiter.api.Test;
import static org.junit.jupiter.api.Assertions.*;

import java.util.Collections;
import java.util.HashSet;
import java.util.Set;

class DateTimeZoneTest {

    private static class MockProvider implements Provider {
        private final Set<String> availableIDs;
        private final DateTimeZone zone;

        MockProvider(Set<String> availableIDs, DateTimeZone zone) {
            this.availableIDs = availableIDs;
            this.zone = zone;
        }

        @Override
        public Set<String> getAvailableIDs() {
            return availableIDs;
        }

        @Override
        public DateTimeZone getZone(String id) {
            return ""UTC"".equals(id) ? zone : null;
        }
    }

    @Test
    void testValidateProvider_NoAvailableIDs() {
        MockProvider provider = new MockProvider(Collections.emptySet(), null);
        assertThrows(IllegalArgumentException.class, () -> {
            DateTimeZone.validateProvider(provider);
        });
    }

    @Test
    void testValidateProvider_NoUTC() {
        Set<String> ids = new HashSet<>();
        ids.add(""GMT"");
        MockProvider provider = new MockProvider(ids, null);
        assertThrows(IllegalArgumentException.class, () -> {
            DateTimeZone.validateProvider(provider);
        });
    }

    @Test
    void testValidateProvider_InvalidUTCZone() {
        Set<String> ids = new HashSet<>();
        ids.add(""UTC"");
        MockProvider provider = new MockProvider(ids, null);
        assertThrows(IllegalArgumentException.class, () -> {
            DateTimeZone.validateProvider(provider);
        });
    }

    @Test
    void testValidateProvider_ValidProvider() {
        Set<String> ids = new HashSet<>();
        ids.add(""UTC"");
        MockProvider provider = new MockProvider(ids, DateTimeZone.UTC);
        assertEquals(provider, DateTimeZone.validateProvider(provider));
    }
}
```"
JA-010,java,data-research/java_functions/JA-010.java,"```java
package org.apache.commons.cli;

import org.junit.jupiter.api.Test;
import static org.junit.jupiter.api.Assertions.*;
import java.util.function.Supplier;

public class CommandLineTest {

    @Test
    void testGetParsedOptionValues_NullOption() throws ParseException {
        CommandLine commandLine = new CommandLine();
        Supplier<String[]> defaultValue = () -> new String[]{""default""};
        String[] result = commandLine.getParsedOptionValues(null, defaultValue);
        assertArrayEquals(new String[]{""default""}, result);
    }

    @Test
    void testGetParsedOptionValues_OptionWithNullValues() throws ParseException {
        CommandLine commandLine = new CommandLine();
        Option option = new Option(""test"", String.class);
        Supplier<String[]> defaultValue = () -> new String[]{""default""};
        String[] result = commandLine.getParsedOptionValues(option, defaultValue);
        assertArrayEquals(new String[]{""default""}, result);
    }

    @Test
    void testGetParsedOptionValues_ValidOption() throws ParseException {
        CommandLine commandLine = new CommandLine();
        Option option = new Option(""test"", String.class);
        option.setValues(new String[]{""value1"", ""value2""});
        Supplier<String[]> defaultValue = () -> new String[]{""default""};
        String[] result = commandLine.getParsedOptionValues(option, defaultValue);
        assertArrayEquals(new String[]{""value1"", ""value2""}, result);
    }

    @Test
    void testGetParsedOptionValues_OptionWithConverter() throws ParseException {
        CommandLine commandLine = new CommandLine();
        Option option = new Option(""test"", Integer.class);
        option.setConverter(value -> Integer.valueOf(value));
        option.setValues(new String[]{""1"", ""2"", ""3""});
        Supplier<Integer[]> defaultValue = () -> new Integer[]{0};
        Integer[] result = commandLine.getParsedOptionValues(option, defaultValue);
        assertArrayEquals(new Integer[]{1, 2, 3}, result);
    }

    @Test
    void testGetParsedOptionValues_ExceptionInConversion() {
        CommandLine commandLine = new CommandLine();
        Option option = new Option(""test"", Integer.class);
        option.setConverter(value -> {
            throw new RuntimeException(""Conversion error"");
        });
        option.setValues(new String[]{""invalid""});
        Supplier<Integer[]> defaultValue = () -> new Integer[]{0};
        Exception exception = assertThrows(ParseException.class, () -> {
            commandLine.getParsedOptionValues(option, defaultValue);
        });
        assertTrue(exception.getMessage().contains(""Conversion error""));
    }
}
```"
JA-011,java,data-research/java_functions/JA-011.java,"```java
package org.joda.time;

import org.junit.jupiter.api.Test;
import static org.junit.jupiter.api.Assertions.*;

public class DateTimeComparatorTest {

    private final DateTimeComparator comparator = DateTimeComparator.getInstance();

    @Test
    void testCompare_SameObject() {
        Object obj = new Object();
        assertEquals(0, comparator.compare(obj, obj));
    }

    @Test
    void testCompare_NullVsNull() {
        assertEquals(0, comparator.compare(null, null));
    }

    @Test
    void testCompare_NullVsNonNull() {
        Object nonNullObj = new Object();
        assertThrows(NullPointerException.class, () -> comparator.compare(null, nonNullObj));
    }

    @Test
    void testCompare_NonNullVsNull() {
        Object nonNullObj = new Object();
        assertThrows(NullPointerException.class, () -> comparator.compare(nonNullObj, null));
    }

    @Test
    void testCompare_LowerLimit() {
        // Assuming iLowerLimit is set to a specific value
        // Mock or set iLowerLimit accordingly
        // Example: assertEquals(expected, comparator.compare(lhsObj, rhsObj));
    }

    @Test
    void testCompare_UpperLimit() {
        // Assuming iUpperLimit is set to a specific value
        // Mock or set iUpperLimit accordingly
        // Example: assertEquals(expected, comparator.compare(lhsObj, rhsObj));
    }

    @Test
    void testCompare_LhsLessThanRhs() {
        // Create two comparable objects with lhsMillis < rhsMillis
        // Example: assertEquals(-1, comparator.compare(lhsObj, rhsObj));
    }

    @Test
    void testCompare_LhsGreaterThanRhs() {
        // Create two comparable objects with lhsMillis > rhsMillis
        // Example: assertEquals(1, comparator.compare(lhsObj, rhsObj));
    }

    @Test
    void testCompare_LhsEqualsRhs() {
        // Create two comparable objects with lhsMillis == rhsMillis
        // Example: assertEquals(0, comparator.compare(lhsObj, rhsObj));
    }
}
```"
JA-012,java,data-research/java_functions/JA-012.java,"```java
package org.apache.commons.cli;

import org.junit.jupiter.api.Test;
import static org.junit.jupiter.api.Assertions.*;
import static org.mockito.Mockito.*;

import java.util.Arrays;
import java.util.Collections;

public class DefaultParserTest {

    @Test
    void testHandleLongOptionWithEqual_UnknownToken() throws ParseException {
        DefaultParser parser = mock(DefaultParser.class);
        when(parser.getMatchingLongOptions(""unknown"")).thenReturn(Collections.emptyList());
        doNothing().when(parser).handleUnknownToken(anyString());

        parser.handleLongOptionWithEqual(""unknown=value"");

        verify(parser).handleUnknownToken(anyString());
    }

    @Test
    void testHandleLongOptionWithEqual_AmbiguousOption() throws ParseException {
        DefaultParser parser = mock(DefaultParser.class);
        when(parser.getMatchingLongOptions(""opt"")).thenReturn(Arrays.asList(""opt1"", ""opt2""));
        when(parser.options.hasLongOption(""opt"")).thenReturn(false);

        assertThrows(AmbiguousOptionException.class, () -> {
            parser.handleLongOptionWithEqual(""opt=value"");
        });
    }

    @Test
    void testHandleLongOptionWithEqual_AcceptsArg() throws ParseException {
        DefaultParser parser = mock(DefaultParser.class);
        Option option = mock(Option.class);
        when(option.acceptsArg()).thenReturn(true);
        when(parser.getMatchingLongOptions(""opt"")).thenReturn(Collections.singletonList(""opt""));
        when(parser.options.hasLongOption(""opt"")).thenReturn(true);
        when(parser.options.getOption(""opt"")).thenReturn(option);
        doNothing().when(parser).handleOption(option);
        doNothing().when(parser).currentOption.processValue(anyString());

        parser.handleLongOptionWithEqual(""opt=value"");

        verify(parser).handleOption(option);
        verify(parser.currentOption).processValue(""value"");
    }

    @Test
    void testHandleLongOptionWithEqual_DoesNotAcceptArg() throws ParseException {
        DefaultParser parser = mock(DefaultParser.class);
        Option option = mock(Option.class);
        when(option.acceptsArg()).thenReturn(false);
        when(parser.getMatchingLongOptions(""opt"")).thenReturn(Collections.singletonList(""opt""));
        when(parser.options.hasLongOption(""opt"")).thenReturn(true);
        when(parser.options.getOption(""opt"")).thenReturn(option);
        doNothing().when(parser).handleUnknownToken(anyString());

        parser.handleLongOptionWithEqual(""opt=value"");

        verify(parser).handleUnknownToken(anyString());
    }
}
```"
JA-013,java,data-research/java_functions/JA-013.java,"```java
package org.apache.commons.collections4;

import org.junit.jupiter.api.Test;
import static org.junit.jupiter.api.Assertions.*;

public class ArrayStackTest {
    private final ArrayStack<Object> stack = new ArrayStack<>();

    @Test
    void testSearch_NullObjectInStack() {
        stack.push(null);
        stack.push(""test"");
        assertEquals(2, stack.search(null));
    }

    @Test
    void testSearch_NullObjectNotInStack() {
        stack.push(""test"");
        assertEquals(-1, stack.search(null));
    }

    @Test
    void testSearch_EqualObjectInStack() {
        stack.push(""test"");
        stack.push(""example"");
        assertEquals(1, stack.search(""example""));
    }

    @Test
    void testSearch_EqualObjectNotInStack() {
        stack.push(""test"");
        assertEquals(-1, stack.search(""example""));
    }

    @Test
    void testSearch_EmptyStack() {
        assertEquals(-1, stack.search(""test""));
    }

    @Test
    void testSearch_MultipleEqualObjects() {
        stack.push(""test"");
        stack.push(""test"");
        stack.push(""example"");
        assertEquals(2, stack.search(""test""));
    }
}
```"
JA-014,java,data-research/java_functions/JA-014.java,"```java
package org.apache.commons.csv;

import org.junit.jupiter.api.Test;
import org.mockito.Mockito;

import java.io.IOException;
import java.io.Reader;
import java.io.StringWriter;

import static org.junit.jupiter.api.Assertions.assertEquals;
import static org.mockito.Mockito.*;

public class CSVFormatTest {

    @Test
    void testPrintWithQuotes_NoQuotes() throws IOException {
        CSVFormat csvFormat = Mockito.mock(CSVFormat.class);
        when(csvFormat.getQuoteMode()).thenReturn(QuoteMode.NONE);
        
        Reader reader = mock(Reader.class);
        StringWriter appendable = new StringWriter();
        
        csvFormat.printWithQuotes(reader, appendable);
        
        verify(csvFormat).printWithEscapes(reader, appendable);
        assertEquals("""", appendable.toString());
    }

    @Test
    void testPrintWithQuotes_WithQuotesAndNoEscape() throws IOException {
        CSVFormat csvFormat = Mockito.mock(CSVFormat.class);
        when(csvFormat.getQuoteMode()).thenReturn(QuoteMode.ALL);
        when(csvFormat.getQuoteCharacter()).thenReturn('""');
        when(csvFormat.isEscapeCharacterSet()).thenReturn(false);
        
        Reader reader = mock(Reader.class);
        when(reader.read()).thenReturn('H', 'e', 'l', 'l', 'o', -1);
        StringWriter appendable = new StringWriter();
        
        csvFormat.printWithQuotes(reader, appendable);
        
        assertEquals(""\""Hello\"""", appendable.toString());
    }

    @Test
    void testPrintWithQuotes_WithQuotesAndEscape() throws IOException {
        CSVFormat csvFormat = Mockito.mock(CSVFormat.class);
        when(csvFormat.getQuoteMode()).thenReturn(QuoteMode.ALL);
        when(csvFormat.getQuoteCharacter()).thenReturn('""');
        when(csvFormat.isEscapeCharacterSet()).thenReturn(true);
        when(csvFormat.getEscapeChar()).thenReturn('\\');
        
        Reader reader = mock(Reader.class);
        when(reader.read()).thenReturn('H', 'e', '""', 'l', 'l', 'o', -1);
        StringWriter appendable = new StringWriter();
        
        csvFormat.printWithQuotes(reader, appendable);
        
        assertEquals(""\""He\""\""llo\"""", appendable.toString());
    }

    @Test
    void testPrintWithQuotes_EscapeCharacter() throws IOException {
        CSVFormat csvFormat = Mockito.mock(CSVFormat.class);
        when(csvFormat.getQuoteMode()).thenReturn(QuoteMode.ALL);
        when(csvFormat.getQuoteCharacter()).thenReturn('""');
        when(csvFormat.isEscapeCharacterSet()).thenReturn(true);
        when(csvFormat.getEscapeChar()).thenReturn('\\');
        
        Reader reader = mock(Reader.class);
        when(reader.read()).thenReturn('H', 'e', '\\', 'l', 'l', 'o', -1);
        StringWriter appendable = new StringWriter();
        
        csvFormat.printWithQuotes(reader, appendable);
        
        assertEquals(""\""He\\llo\"""", appendable.toString());
    }
}
```"
JA-015,java,data-research/java_functions/JA-015.java,"```java
package org.apache.commons.math4.core.jdkmath;

import org.junit.jupiter.api.Test;
import static org.junit.jupiter.api.Assertions.*;

public class AccurateMathTest {
    @Test
    void testLog1p_NegativeInfinity() {
        assertEquals(Double.NEGATIVE_INFINITY, AccurateMath.log1p(-1));
    }

    @Test
    void testLog1p_PositiveInfinity() {
        assertEquals(Double.POSITIVE_INFINITY, AccurateMath.log1p(Double.POSITIVE_INFINITY));
    }

    @Test
    void testLog1p_GreaterThanThreshold() {
        assertEquals(0.6931471805599453, AccurateMath.log1p(0.5), 1e-10);
    }

    @Test
    void testLog1p_LessThanNegativeThreshold() {
        assertEquals(-0.6931471805599453, AccurateMath.log1p(-0.5), 1e-10);
    }

    @Test
    void testLog1p_SmallPositiveValue() {
        assertEquals(0.000500000041666667, AccurateMath.log1p(0.0005), 1e-10);
    }

    @Test
    void testLog1p_SmallNegativeValue() {
        assertEquals(-0.000500000041666667, AccurateMath.log1p(-0.0005), 1e-10);
    }

    @Test
    void testLog1p_Zero() {
        assertEquals(0.0, AccurateMath.log1p(0), 1e-10);
    }
}
```"
JA-016,java,data-research/java_functions/JA-016.java,"```java
package com.google.gson.typeadapters;

import org.junit.jupiter.api.Test;

import java.util.Calendar;
import java.util.Date;
import java.util.GregorianCalendar;
import java.util.TimeZone;

import static org.junit.jupiter.api.Assertions.assertEquals;

public class UtcDateTypeAdapterTest {

    @Test
    void testFormat_WithMillis_AndUTC() {
        Date date = new GregorianCalendar(2023, Calendar.OCTOBER, 1, 12, 30, 45).getTime();
        TimeZone tz = TimeZone.getTimeZone(""UTC"");
        String result = UtcDateTypeAdapter.format(date, true, tz);
        assertEquals(""2023-10-01T12:30:45.000Z"", result);
    }

    @Test
    void testFormat_WithoutMillis_AndUTC() {
        Date date = new GregorianCalendar(2023, Calendar.OCTOBER, 1, 12, 30, 45).getTime();
        TimeZone tz = TimeZone.getTimeZone(""UTC"");
        String result = UtcDateTypeAdapter.format(date, false, tz);
        assertEquals(""2023-10-01T12:30:45Z"", result);
    }

    @Test
    void testFormat_WithMillis_AndNegativeOffset() {
        Date date = new GregorianCalendar(2023, Calendar.OCTOBER, 1, 12, 30, 45).getTime();
        TimeZone tz = TimeZone.getTimeZone(""GMT-05:00"");
        String result = UtcDateTypeAdapter.format(date, true, tz);
        assertEquals(""2023-10-01T12:30:45.000-05:00"", result);
    }

    @Test
    void testFormat_WithMillis_AndPositiveOffset() {
        Date date = new GregorianCalendar(2023, Calendar.OCTOBER, 1, 12, 30, 45).getTime();
        TimeZone tz = TimeZone.getTimeZone(""GMT+05:00"");
        String result = UtcDateTypeAdapter.format(date, true, tz);
        assertEquals(""2023-10-01T12:30:45.000+05:00"", result);
    }

    @Test
    void testFormat_WithoutMillis_AndNegativeOffset() {
        Date date = new GregorianCalendar(2023, Calendar.OCTOBER, 1, 12, 30, 45).getTime();
        TimeZone tz = TimeZone.getTimeZone(""GMT-05:00"");
        String result = UtcDateTypeAdapter.format(date, false, tz);
        assertEquals(""2023-10-01T12:30:45-05:00"", result);
    }

    @Test
    void testFormat_WithoutMillis_AndPositiveOffset() {
        Date date = new GregorianCalendar(2023, Calendar.OCTOBER, 1, 12, 30, 45).getTime();
        TimeZone tz = TimeZone.getTimeZone(""GMT+05:00"");
        String result = UtcDateTypeAdapter.format(date, false, tz);
        assertEquals(""2023-10-01T12:30:45+05:00"", result);
    }
}
```"
JA-017,java,data-research/java_functions/JA-017.java,"```java
package org.jfree.chart;

import org.junit.jupiter.api.Test;
import static org.junit.jupiter.api.Assertions.*;

public class KeyTest {

    private class Key {
        private int key;

        public Key(int key) {
            this.key = key;
        }

        public int intKey() {
            return key;
        }

        public boolean isCompatibleValue(Object val) {
            switch (intKey()) {
                case 0:
                    return val == null || val instanceof String 
                            || val instanceof Map;
                case 1:
                    return val == null || val instanceof Object;
                default:
                    throw new RuntimeException(""Not possible!"");
            }
        }
    }

    @Test
    void testIsCompatibleValue_Case0_Null() {
        Key key = new Key(0);
        assertTrue(key.isCompatibleValue(null));
    }

    @Test
    void testIsCompatibleValue_Case0_String() {
        Key key = new Key(0);
        assertTrue(key.isCompatibleValue(""test""));
    }

    @Test
    void testIsCompatibleValue_Case0_Map() {
        Key key = new Key(0);
        assertTrue(key.isCompatibleValue(new java.util.HashMap<>()));
    }

    @Test
    void testIsCompatibleValue_Case0_OtherObject() {
        Key key = new Key(0);
        assertFalse(key.isCompatibleValue(123));
    }

    @Test
    void testIsCompatibleValue_Case1_Null() {
        Key key = new Key(1);
        assertTrue(key.isCompatibleValue(null));
    }

    @Test
    void testIsCompatibleValue_Case1_Object() {
        Key key = new Key(1);
        assertTrue(key.isCompatibleValue(new Object()));
    }

    @Test
    void testIsCompatibleValue_Case1_OtherType() {
        Key key = new Key(1);
        assertFalse(key.isCompatibleValue(""test""));
    }

    @Test
    void testIsCompatibleValue_InvalidKey() {
        Key key = new Key(2);
        assertThrows(RuntimeException.class, () -> key.isCompatibleValue(new Object()));
    }
}
```"
JA-018,java,data-research/java_functions/JA-018.java,"```java
package org.jsoup.helper;

import org.junit.jupiter.api.Test;

import java.io.IOException;
import java.nio.file.Files;
import java.nio.file.Path;
import java.nio.file.Paths;

import static org.junit.jupiter.api.Assertions.assertNotNull;
import static org.junit.jupiter.api.Assertions.assertThrows;

public class DataUtilTest {

    @Test
    void testOpenStream_WithGzipFile() throws IOException {
        Path path = Paths.get(""src/test/resources/testfile.gz"");
        assertNotNull(DataUtil.openStream(path));
    }

    @Test
    void testOpenStream_WithZFile() throws IOException {
        Path path = Paths.get(""src/test/resources/testfile.z"");
        assertNotNull(DataUtil.openStream(path));
    }

    @Test
    void testOpenStream_WithRegularFile() throws IOException {
        Path path = Paths.get(""src/test/resources/testfile.txt"");
        assertNotNull(DataUtil.openStream(path));
    }

    @Test
    void testOpenStream_WithInvalidFile() {
        Path path = Paths.get(""src/test/resources/invalidfile.txt"");
        assertThrows(IOException.class, () -> DataUtil.openStream(path));
    }

    @Test
    void testOpenStream_WithCorruptedGzipFile() {
        Path path = Paths.get(""src/test/resources/corruptedfile.gz"");
        assertThrows(IOException.class, () -> DataUtil.openStream(path));
    }
}
```"
JA-019,java,data-research/java_functions/JA-019.java,"```java
package org.joda.time;

import org.junit.jupiter.api.Test;
import static org.junit.jupiter.api.Assertions.*;
import static org.mockito.Mockito.*;

public class DateTimeUtilsTest {

    @Test
    void testIsContiguous_NullPartial() {
        IllegalArgumentException exception = assertThrows(IllegalArgumentException.class, () -> {
            DateTimeUtils.isContiguous(null);
        });
        assertEquals(""Partial must not be null"", exception.getMessage());
    }

    @Test
    void testIsContiguous_ContiguousFields() {
        ReadablePartial partial = mock(ReadablePartial.class);
        DateTimeField field1 = mock(DateTimeField.class);
        DateTimeField field2 = mock(DateTimeField.class);
        DurationFieldType type = DurationFieldType.seconds();

        when(partial.size()).thenReturn(2);
        when(partial.getField(0)).thenReturn(field1);
        when(partial.getField(1)).thenReturn(field2);
        when(field1.getRangeDurationField()).thenReturn(mock(DurationField.class));
        when(field1.getDurationField()).thenReturn(mock(DurationField.class));
        when(field2.getRangeDurationField()).thenReturn(mock(DurationField.class));
        when(field2.getDurationField()).thenReturn(mock(DurationField.class));
        when(field1.getDurationField().getType()).thenReturn(type);
        when(field2.getDurationField().getType()).thenReturn(type);

        assertTrue(DateTimeUtils.isContiguous(partial));
    }

    @Test
    void testIsContiguous_NonContiguousFields() {
        ReadablePartial partial = mock(ReadablePartial.class);
        DateTimeField field1 = mock(DateTimeField.class);
        DateTimeField field2 = mock(DateTimeField.class);
        DurationFieldType type1 = DurationFieldType.seconds();
        DurationFieldType type2 = DurationFieldType.minutes();

        when(partial.size()).thenReturn(2);
        when(partial.getField(0)).thenReturn(field1);
        when(partial.getField(1)).thenReturn(field2);
        when(field1.getRangeDurationField()).thenReturn(mock(DurationField.class));
        when(field1.getDurationField()).thenReturn(mock(DurationField.class));
        when(field2.getRangeDurationField()).thenReturn(mock(DurationField.class));
        when(field2.getDurationField()).thenReturn(mock(DurationField.class));
        when(field1.getDurationField().getType()).thenReturn(type1);
        when(field2.getDurationField().getType()).thenReturn(type2);

        assertFalse(DateTimeUtils.isContiguous(partial));
    }
}
```"
JA-020,java,data-research/java_functions/JA-020.java,"```java
package org.apache.commons.cli;

import org.junit.jupiter.api.Test;
import static org.junit.jupiter.api.Assertions.*;
import java.util.Arrays;
import java.util.Collections;

public class HelpFormatterTest {

    @Test
    void testAppendOptionGroup_OptionalGroup() {
        StringBuilder buff = new StringBuilder();
        OptionGroup optionGroup = new OptionGroup(false, Arrays.asList(new Option(""a"", ""Option A""), new Option(""b"", ""Option B"")));
        HelpFormatter formatter = new HelpFormatter();
        formatter.appendOptionGroup(buff, optionGroup);
        assertEquals(""[Option A, Option B]"", buff.toString());
    }

    @Test
    void testAppendOptionGroup_RequiredGroup() {
        StringBuilder buff = new StringBuilder();
        OptionGroup optionGroup = new OptionGroup(true, Arrays.asList(new Option(""a"", ""Option A""), new Option(""b"", ""Option B"")));
        HelpFormatter formatter = new HelpFormatter();
        formatter.appendOptionGroup(buff, optionGroup);
        assertEquals(""Option A, Option B"", buff.toString());
    }

    @Test
    void testAppendOptionGroup_EmptyGroup() {
        StringBuilder buff = new StringBuilder();
        OptionGroup optionGroup = new OptionGroup(false, Collections.emptyList());
        HelpFormatter formatter = new HelpFormatter();
        formatter.appendOptionGroup(buff, optionGroup);
        assertEquals(""[]"", buff.toString());
    }

    @Test
    void testAppendOptionGroup_SortedOptions() {
        StringBuilder buff = new StringBuilder();
        OptionGroup optionGroup = new OptionGroup(false, Arrays.asList(new Option(""b"", ""Option B""), new Option(""a"", ""Option A"")));
        HelpFormatter formatter = new HelpFormatter();
        formatter.setOptionComparator((o1, o2) -> o1.getOpt().compareTo(o2.getOpt()));
        formatter.appendOptionGroup(buff, optionGroup);
        assertEquals(""[Option A, Option B]"", buff.toString());
    }
}
```"
JA-021,java,data-research/java_functions/JA-021.java,"```java
package org.joda.time;

import org.junit.jupiter.api.Test;
import static org.junit.jupiter.api.Assertions.*;

public class DateTimeComparatorTest {
    
    @Test
    void testGetInstance_BothNull() {
        DateTimeComparator comparator = DateTimeComparator.getInstance(null, null);
        assertSame(DateTimeComparator.ALL_INSTANCE, comparator);
    }

    @Test
    void testGetInstance_LowerLimitDayOfYear_UpperLimitNull() {
        DateTimeComparator comparator = DateTimeComparator.getInstance(DateTimeFieldType.dayOfYear(), null);
        assertSame(DateTimeComparator.DATE_INSTANCE, comparator);
    }

    @Test
    void testGetInstance_LowerLimitNull_UpperLimitDayOfYear() {
        DateTimeComparator comparator = DateTimeComparator.getInstance(null, DateTimeFieldType.dayOfYear());
        assertSame(DateTimeComparator.TIME_INSTANCE, comparator);
    }

    @Test
    void testGetInstance_NonNullLimits() {
        DateTimeFieldType lowerLimit = DateTimeFieldType.year();
        DateTimeFieldType upperLimit = DateTimeFieldType.monthOfYear();
        DateTimeComparator comparator = DateTimeComparator.getInstance(lowerLimit, upperLimit);
        assertNotNull(comparator);
        assertEquals(lowerLimit, comparator.getLowerLimit());
        assertEquals(upperLimit, comparator.getUpperLimit());
    }
}
```"
JA-022,java,data-research/java_functions/JA-022.java,"```java
package org.apache.commons.cli;

import org.junit.jupiter.api.BeforeEach;
import org.junit.jupiter.api.Test;
import static org.mockito.Mockito.*;

class DefaultParserTest {
    private DefaultParser parser;
    private Options options;
    private NonOptionAction nonOptionAction;

    @BeforeEach
    void setUp() {
        parser = new DefaultParser();
        options = mock(Options.class);
        nonOptionAction = NonOptionAction.STOP;
        parser.setOptions(options);
        parser.setNonOptionAction(nonOptionAction);
    }

    @Test
    void testHandleConcatenatedOptions_UnknownToken() throws ParseException {
        when(options.hasOption(""a"")).thenReturn(false);
        parser.handleConcatenatedOptions(""a"");
        // Verify that handleUnknownToken is called with the correct argument
        // This requires additional mocking and verification based on the implementation
    }

    @Test
    void testHandleConcatenatedOptions_KnownOptionWithoutArgument() throws ParseException {
        when(options.hasOption(""b"")).thenReturn(true);
        when(options.getOption(""b"")).thenReturn(mock(Option.class));
        parser.handleConcatenatedOptions(""b"");
        // Verify that handleOption is called with the correct option
        verify(options).getOption(""b"");
    }

    @Test
    void testHandleConcatenatedOptions_KnownOptionWithArgument() throws ParseException {
        when(options.hasOption(""c"")).thenReturn(true);
        Option optionC = mock(Option.class);
        when(options.getOption(""c"")).thenReturn(optionC);
        parser.handleConcatenatedOptions(""cvalue"");
        // Verify that processValue is called with the correct argument
        verify(optionC).processValue(""value"");
    }

    @Test
    void testHandleConcatenatedOptions_MultipleOptions() throws ParseException {
        when(options.hasOption(""d"")).thenReturn(true);
        when(options.hasOption(""e"")).thenReturn(true);
        when(options.getOption(""d"")).thenReturn(mock(Option.class));
        when(options.getOption(""e"")).thenReturn(mock(Option.class));
        parser.handleConcatenatedOptions(""de"");
        // Verify that both options are processed
        verify(options).getOption(""d"");
        verify(options).getOption(""e"");
    }
}
```"
JA-023,java,data-research/java_functions/JA-023.java,"```java
package org.apache.commons.collections4;

import org.junit.jupiter.api.Test;

import java.util.*;

import static org.junit.jupiter.api.Assertions.*;

public class SetOperationCardinalityHelperTest {

    @Test
    void testCollate_BothCollections_IncludeDuplicates() {
        List<Integer> listA = Arrays.asList(1, 2, 2, 3);
        List<Integer> listB = Arrays.asList(2, 3, 4);
        Comparator<Integer> comparator = Integer::compareTo;

        List<Integer> result = SetOperationCardinalityHelper.collate(listA, listB, comparator, true);
        assertEquals(Arrays.asList(1, 2, 2, 2, 3, 3, 4), result);
    }

    @Test
    void testCollate_BothCollections_ExcludeDuplicates() {
        List<Integer> listA = Arrays.asList(1, 2, 2, 3);
        List<Integer> listB = Arrays.asList(2, 3, 4);
        Comparator<Integer> comparator = Integer::compareTo;

        List<Integer> result = SetOperationCardinalityHelper.collate(listA, listB, comparator, false);
        assertEquals(Arrays.asList(1, 2, 3, 4), result);
    }

    @Test
    void testCollate_OneEmptyCollection_IncludeDuplicates() {
        List<Integer> listA = Collections.emptyList();
        List<Integer> listB = Arrays.asList(1, 2, 3);
        Comparator<Integer> comparator = Integer::compareTo;

        List<Integer> result = SetOperationCardinalityHelper.collate(listA, listB, comparator, true);
        assertEquals(Arrays.asList(1, 2, 3), result);
    }

    @Test
    void testCollate_OneEmptyCollection_ExcludeDuplicates() {
        List<Integer> listA = Collections.emptyList();
        List<Integer> listB = Arrays.asList(1, 2, 3);
        Comparator<Integer> comparator = Integer::compareTo;

        List<Integer> result = SetOperationCardinalityHelper.collate(listA, listB, comparator, false);
        assertEquals(Arrays.asList(1, 2, 3), result);
    }

    @Test
    void testCollate_NullIterableA() {
        List<Integer> listB = Arrays.asList(1, 2, 3);
        Comparator<Integer> comparator = Integer::compareTo;

        assertThrows(NullPointerException.class, () -> {
            SetOperationCardinalityHelper.collate(null, listB, comparator, true);
        });
    }

    @Test
    void testCollate_NullIterableB() {
        List<Integer> listA = Arrays.asList(1, 2, 3);
        Comparator<Integer> comparator = Integer::compareTo;

        assertThrows(NullPointerException.class, () -> {
            SetOperationCardinalityHelper.collate(listA, null, comparator, true);
        });
    }

    @Test
    void testCollate_NullComparator() {
        List<Integer> listA = Arrays.asList(1, 2, 3);
        List<Integer> listB = Arrays.asList(4, 5, 6);

        assertThrows(NullPointerException.class, () -> {
            SetOperationCardinalityHelper.collate(listA, listB, null, true);
        });
    }
}
```"
JA-024,java,data-research/java_functions/JA-024.java,"```java
package org.apache.commons.csv;

import org.junit.jupiter.api.Test;
import java.io.IOException;

import static org.junit.jupiter.api.Assertions.*;

public class LexerTest {

    @Test
    void testParseSimpleToken_EndOfRecord() throws IOException {
        Token token = new Token();
        Lexer lexer = new Lexer();
        int endOfLineChar = '\n'; // Simulating end of record
        lexer.parseSimpleToken(token, endOfLineChar);
        assertEquals(Token.Type.EORECORD, token.type);
    }

    @Test
    void testParseSimpleToken_EndOfFile() throws IOException {
        Token token = new Token();
        Lexer lexer = new Lexer();
        int eofChar = -1; // Simulating end of file
        lexer.parseSimpleToken(token, eofChar);
        assertEquals(Token.Type.EOF, token.type);
        assertTrue(token.isReady);
    }

    @Test
    void testParseSimpleToken_Delimiter() throws IOException {
        Token token = new Token();
        Lexer lexer = new Lexer();
        int delimiterChar = ','; // Simulating a delimiter
        lexer.parseSimpleToken(token, delimiterChar);
        assertEquals(Token.Type.TOKEN, token.type);
    }

    @Test
    void testParseSimpleToken_EscapeCharacter() throws IOException {
        Token token = new Token();
        Lexer lexer = new Lexer();
        int escapeChar = '\\'; // Simulating an escape character
        lexer.parseSimpleToken(token, escapeChar);
        // Assuming appendNextEscapedCharacterToToken modifies the token content
        // You would need to verify the content of the token after this call
        assertNotNull(token.content);
    }

    @Test
    void testParseSimpleToken_NormalCharacter() throws IOException {
        Token token = new Token();
        Lexer lexer = new Lexer();
        int normalChar = 'a'; // Simulating a normal character
        lexer.parseSimpleToken(token, normalChar);
        assertEquals(""a"", token.content.toString());
    }

    @Test
    void testParseSimpleToken_TrimSpaces() throws IOException {
        Token token = new Token();
        token.content.append(""   ""); // Simulating spaces
        Lexer lexer = new Lexer();
        lexer.ignoreSurroundingSpaces = true; // Assuming this is a field in Lexer
        lexer.parseSimpleToken(token, 'a');
        assertEquals(""a"", token.content.toString());
    }
}
```"
JA-025,java,data-research/java_functions/JA-025.java,"```java
package org.apache.commons.math4.core.jdkmath;

import org.junit.jupiter.api.Test;
import static org.junit.jupiter.api.Assertions.*;

public class AccurateMathTest {
    @Test
    void testCosh_NaN() {
        assertTrue(Double.isNaN(AccurateMath.cosh(Double.NaN)));
    }

    @Test
    void testCosh_PositiveLarge() {
        assertEquals(Double.POSITIVE_INFINITY, AccurateMath.cosh(21), 1e-10);
    }

    @Test
    void testCosh_NegativeLarge() {
        assertEquals(Double.POSITIVE_INFINITY, AccurateMath.cosh(-21), 1e-10);
    }

    @Test
    void testCosh_PositiveSmall() {
        assertEquals(1.5430806348152437, AccurateMath.cosh(1), 1e-10);
    }

    @Test
    void testCosh_NegativeSmall() {
        assertEquals(1.5430806348152437, AccurateMath.cosh(-1), 1e-10);
    }

    @Test
    void testCosh_Zero() {
        assertEquals(1.0, AccurateMath.cosh(0), 1e-10);
    }

    @Test
    void testCosh_PositiveBoundary() {
        assertEquals(1.0, AccurateMath.cosh(20), 1e-10);
    }

    @Test
    void testCosh_NegativeBoundary() {
        assertEquals(1.0, AccurateMath.cosh(-20), 1e-10);
    }
}
```"
JA-026,java,data-research/java_functions/JA-026.java,"```java
package com.google.gson;

import org.junit.jupiter.api.Test;
import static org.junit.jupiter.api.Assertions.*;
import static org.mockito.Mockito.*;

public class GsonTest {

    @Test
    void testGetDelegateAdapter_SkipPastIsNull() {
        Gson gson = new Gson();
        TypeToken<String> type = TypeToken.get(String.class);
        IllegalArgumentException exception = assertThrows(IllegalArgumentException.class, () -> {
            gson.getDelegateAdapter(null, type);
        });
        assertEquals(""skipPast must not be null"", exception.getMessage());
    }

    @Test
    void testGetDelegateAdapter_TypeIsNull() {
        Gson gson = new Gson();
        TypeAdapterFactory skipPast = mock(TypeAdapterFactory.class);
        IllegalArgumentException exception = assertThrows(IllegalArgumentException.class, () -> {
            gson.getDelegateAdapter(skipPast, null);
        });
        assertEquals(""type must not be null"", exception.getMessage());
    }

    @Test
    void testGetDelegateAdapter_SkipPastFound() {
        Gson gson = new Gson();
        TypeAdapterFactory skipPast = mock(TypeAdapterFactory.class);
        TypeToken<String> type = TypeToken.get(String.class);
        when(gson.jsonAdapterFactory.isClassJsonAdapterFactory(type, skipPast)).thenReturn(true);
        
        TypeAdapterFactory factory = mock(TypeAdapterFactory.class);
        TypeAdapter<String> adapter = mock(TypeAdapter.class);
        when(factory.create(gson, type)).thenReturn(adapter);
        gson.factories.add(factory);
        
        TypeAdapter<String> result = gson.getDelegateAdapter(skipPast, type);
        assertNotNull(result);
        assertEquals(adapter, result);
    }

    @Test
    void testGetDelegateAdapter_NoCandidateFound() {
        Gson gson = new Gson();
        TypeAdapterFactory skipPast = mock(TypeAdapterFactory.class);
        TypeToken<String> type = TypeToken.get(String.class);
        when(gson.jsonAdapterFactory.isClassJsonAdapterFactory(type, skipPast)).thenReturn(false);
        
        TypeAdapterFactory factory = mock(TypeAdapterFactory.class);
        when(factory.create(gson, type)).thenReturn(null);
        gson.factories.add(factory);
        
        TypeAdapter<String> result = gson.getDelegateAdapter(skipPast, type);
        assertNotNull(result);
    }

    @Test
    void testGetDelegateAdapter_SkipPastFound_ThrowsException() {
        Gson gson = new Gson();
        TypeAdapterFactory skipPast = mock(TypeAdapterFactory.class);
        TypeToken<String> type = TypeToken.get(String.class);
        when(gson.jsonAdapterFactory.isClassJsonAdapterFactory(type, skipPast)).thenReturn(false);
        
        TypeAdapterFactory factory = mock(TypeAdapterFactory.class);
        when(factory.create(gson, type)).thenReturn(null);
        gson.factories.add(factory);
        
        IllegalArgumentException exception = assertThrows(IllegalArgumentException.class, () -> {
            gson.getDelegateAdapter(skipPast, type);
        });
        assertEquals(""GSON cannot serialize or deserialize "" + type, exception.getMessage());
    }
}
```"
JA-027,java,data-research/java_functions/JA-027.java,"```java
package org.jfree.chart;

import org.junit.jupiter.api.Test;

import java.awt.geom.Rectangle2D;

import static org.junit.jupiter.api.Assertions.*;

public class JFreeChartTest {

    @Test
    void testCreateAlignedRectangle2D_LeftAlignTopAlign() {
        Size2D dimensions = new Size2D(10, 10);
        Rectangle2D frame = new Rectangle2D.Double(0, 0, 100, 100);
        Rectangle2D result = createAlignedRectangle2D(dimensions, frame, HorizontalAlignment.LEFT, VerticalAlignment.TOP);
        assertEquals(0, result.getX());
        assertEquals(0, result.getY());
        assertEquals(10, result.getWidth());
        assertEquals(10, result.getHeight());
    }

    @Test
    void testCreateAlignedRectangle2D_CenterAlign_CenterAlign() {
        Size2D dimensions = new Size2D(10, 10);
        Rectangle2D frame = new Rectangle2D.Double(0, 0, 100, 100);
        Rectangle2D result = createAlignedRectangle2D(dimensions, frame, HorizontalAlignment.CENTER, VerticalAlignment.CENTER);
        assertEquals(45, result.getX());
        assertEquals(45, result.getY());
        assertEquals(10, result.getWidth());
        assertEquals(10, result.getHeight());
    }

    @Test
    void testCreateAlignedRectangle2D_RightAlign_BottomAlign() {
        Size2D dimensions = new Size2D(10, 10);
        Rectangle2D frame = new Rectangle2D.Double(0, 0, 100, 100);
        Rectangle2D result = createAlignedRectangle2D(dimensions, frame, HorizontalAlignment.RIGHT, VerticalAlignment.BOTTOM);
        assertEquals(90, result.getX());
        assertEquals(90, result.getY());
        assertEquals(10, result.getWidth());
        assertEquals(10, result.getHeight());
    }

    @Test
    void testCreateAlignedRectangle2D_UnexpectedHorizontalAlignment() {
        Size2D dimensions = new Size2D(10, 10);
        Rectangle2D frame = new Rectangle2D.Double(0, 0, 100, 100);
        assertThrows(IllegalStateException.class, () -> {
            createAlignedRectangle2D(dimensions, frame, null, VerticalAlignment.TOP);
        });
    }

    @Test
    void testCreateAlignedRectangle2D_UnexpectedVerticalAlignment() {
        Size2D dimensions = new Size2D(10, 10);
        Rectangle2D frame = new Rectangle2D.Double(0, 0, 100, 100);
        assertThrows(IllegalStateException.class, () -> {
            createAlignedRectangle2D(dimensions, frame, HorizontalAlignment.LEFT, null);
        });
    }
}
```"
JA-028,java,data-research/java_functions/JA-028.java,"```java
package org.jsoup.helper;

import org.junit.jupiter.api.Test;
import org.mockito.Mockito;

import java.lang.reflect.InvocationTargetException;
import java.net.Proxy;

import static org.junit.jupiter.api.Assertions.assertNotNull;
import static org.junit.jupiter.api.Assertions.assertTrue;

public class RequestDispatchTest {

    @Test
    void testGet_UseHttpClient_WithValidRequest() throws NoSuchMethodException, InvocationTargetException, IllegalAccessException {
        Request request = Mockito.mock(Request.class);
        Response previousResponse = Mockito.mock(Response.class);
        Mockito.when(request.sslSocketFactory()).thenReturn(null);
        Mockito.when(request.proxy()).thenReturn(null);

        RequestExecutor executor = RequestDispatch.get(request, previousResponse);
        assertNotNull(executor);
        assertTrue(executor instanceof RequestExecutor);
    }

    @Test
    void testGet_UseUrlConnectionExecutor_WhenSocketFactoryIsSet() throws NoSuchMethodException, InvocationTargetException, IllegalAccessException {
        Request request = Mockito.mock(Request.class);
        Response previousResponse = Mockito.mock(Response.class);
        Mockito.when(request.sslSocketFactory()).thenReturn(new Object());
        Mockito.when(request.proxy()).thenReturn(null);

        RequestExecutor executor = RequestDispatch.get(request, previousResponse);
        assertNotNull(executor);
        assertTrue(executor instanceof UrlConnectionExecutor);
    }

    @Test
    void testGet_UseUrlConnectionExecutor_WhenSocksProxy() throws NoSuchMethodException, InvocationTargetException, IllegalAccessException {
        Request request = Mockito.mock(Request.class);
        Response previousResponse = Mockito.mock(Response.class);
        Proxy proxy = Mockito.mock(Proxy.class);
        Mockito.when(proxy.type()).thenReturn(Proxy.Type.SOCKS);
        Mockito.when(request.sslSocketFactory()).thenReturn(null);
        Mockito.when(request.proxy()).thenReturn(proxy);

        RequestExecutor executor = RequestDispatch.get(request, previousResponse);
        assertNotNull(executor);
        assertTrue(executor instanceof UrlConnectionExecutor);
    }

    @Test
    void testGet_UseUrlConnectionExecutor_WhenHttpClientConstructorFails() throws NoSuchMethodException, InvocationTargetException, IllegalAccessException {
        Request request = Mockito.mock(Request.class);
        Response previousResponse = Mockito.mock(Response.class);
        Mockito.when(request.sslSocketFactory()).thenReturn(null);
        Mockito.when(request.proxy()).thenReturn(null);

        // Simulate the clientConstructor being set but throwing an exception
        RequestDispatch.clientConstructor = (request1, response1) -> {
            throw new Exception(""Constructor failed"");
        };

        RequestExecutor executor = RequestDispatch.get(request, previousResponse);
        assertNotNull(executor);
        assertTrue(executor instanceof UrlConnectionExecutor);
    }
}
```"
JA-029,java,data-research/java_functions/JA-029.java,"```java
package org.joda.time;

import org.junit.jupiter.api.Test;
import static org.junit.jupiter.api.Assertions.*;

public class DateTimeComparatorTest {

    private final DateTimeComparator comparator1 = new DateTimeComparator(/* initialize with limits */);
    private final DateTimeComparator comparator2 = new DateTimeComparator(/* initialize with limits */);
    private final DateTimeComparator comparator3 = new DateTimeComparator(/* initialize with different limits */);
    private final Object nonComparatorObject = new Object();

    @Test
    void testEquals_SameInstance() {
        assertTrue(comparator1.equals(comparator1));
    }

    @Test
    void testEquals_SameValues() {
        assertTrue(comparator1.equals(comparator2));
    }

    @Test
    void testEquals_DifferentValues() {
        assertFalse(comparator1.equals(comparator3));
    }

    @Test
    void testEquals_NonComparatorObject() {
        assertFalse(comparator1.equals(nonComparatorObject));
    }

    @Test
    void testEquals_Null() {
        assertFalse(comparator1.equals(null));
    }

    @Test
    void testEquals_UpperLimitEqual() {
        DateTimeComparator comparatorWithSameUpperLimit = new DateTimeComparator(/* same upper limit */);
        assertTrue(comparator1.equals(comparatorWithSameUpperLimit));
    }

    @Test
    void testEquals_LowerLimitEqual() {
        DateTimeComparator comparatorWithSameLowerLimit = new DateTimeComparator(/* same lower limit */);
        assertTrue(comparator1.equals(comparatorWithSameLowerLimit));
    }
}
```"
JA-030,java,data-research/java_functions/JA-030.java,"```java
package org.apache.commons.cli;

import org.junit.jupiter.api.Test;
import static org.junit.jupiter.api.Assertions.*;

public class NonOptionActionTest {

    private final NonOptionAction nonOptionAction = new NonOptionAction();

    @Test
    void testIsShortOption_NullToken() {
        assertFalse(nonOptionAction.isShortOption(null));
    }

    @Test
    void testIsShortOption_EmptyToken() {
        assertFalse(nonOptionAction.isShortOption(""""));
    }

    @Test
    void testIsShortOption_SingleDash() {
        assertFalse(nonOptionAction.isShortOption(""-""));
    }

    @Test
    void testIsShortOption_ValidShortOption() {
        // Assuming options.hasShortOption(""S"") returns true
        assertTrue(nonOptionAction.isShortOption(""-S""));
    }

    @Test
    void testIsShortOption_ValidShortOptionWithValue() {
        // Assuming options.hasShortOption(""S"") returns true
        assertTrue(nonOptionAction.isShortOption(""-S=value""));
    }

    @Test
    void testIsShortOption_ConcatenatedShortOptions() {
        // Assuming options.hasShortOption(""S"") returns true
        assertTrue(nonOptionAction.isShortOption(""-SV""));
    }

    @Test
    void testIsShortOption_ConcatenatedShortOptionsWithValues() {
        // Assuming options.hasShortOption(""S"") returns true
        assertTrue(nonOptionAction.isShortOption(""-SV1=V2""));
    }

    @Test
    void testIsShortOption_InvalidShortOption() {
        // Assuming options.hasShortOption(""X"") returns false
        assertFalse(nonOptionAction.isShortOption(""-X""));
    }

    @Test
    void testIsShortOption_EmptyAfterDash() {
        assertFalse(nonOptionAction.isShortOption(""-""));
    }
}
```"
JA-031,java,data-research/java_functions/JA-031.java,"```java
package org.joda.time;

import org.junit.jupiter.api.Test;
import static org.junit.jupiter.api.Assertions.*;

public class DateTimeZoneTest {

    @Test
    void testGetDefault_WithSystemProperty() {
        System.setProperty(""org.joda.time.DateTimeZone.Timezone"", ""America/New_York"");
        DateTimeZone zone = DateTimeZone.getDefault();
        assertEquals(DateTimeZone.forID(""America/New_York""), zone);
    }

    @Test
    void testGetDefault_WithoutSystemProperty() {
        System.clearProperty(""org.joda.time.DateTimeZone.Timezone"");
        DateTimeZone zone = DateTimeZone.getDefault();
        assertNotNull(zone);
    }

    @Test
    void testGetDefault_WithInvalidSystemProperty() {
        System.setProperty(""org.joda.time.DateTimeZone.Timezone"", ""Invalid/Timezone"");
        DateTimeZone zone = DateTimeZone.getDefault();
        assertEquals(DateTimeZone.UTC, zone);
    }

    @Test
    void testGetDefault_WhenDefaultZoneIsNull() {
        // Assuming cDefault is initially null for this test
        DateTimeZone zone = DateTimeZone.getDefault();
        assertNotNull(zone);
    }

    @Test
    void testGetDefault_WhenCompareAndSetFails() {
        // Simulate a scenario where compareAndSet fails
        DateTimeZone zone = DateTimeZone.getDefault();
        assertNotNull(zone);
    }
}
```"
JA-032,java,data-research/java_functions/JA-032.java,"```java
package org.apache.commons.cli;

import org.junit.jupiter.api.Test;
import static org.junit.jupiter.api.Assertions.*;

public class DefaultParserTest {

    private final DefaultParser parser = new DefaultParser();

    @Test
    void testIsLongOption_NullToken() {
        assertFalse(parser.isLongOption(null));
    }

    @Test
    void testIsLongOption_EmptyToken() {
        assertFalse(parser.isLongOption(""""));
    }

    @Test
    void testIsLongOption_SingleCharacterToken() {
        assertFalse(parser.isLongOption(""-""));
    }

    @Test
    void testIsLongOption_InvalidPrefix() {
        assertFalse(parser.isLongOption(""A""));
    }

    @Test
    void testIsLongOption_ValidLongOption() {
        assertTrue(parser.isLongOption(""--option""));
    }

    @Test
    void testIsLongOption_PartialLongOption() {
        assertTrue(parser.isLongOption(""--op""));
    }

    @Test
    void testIsLongOption_LongOptionWithValue() {
        assertTrue(parser.isLongOption(""--option=value""));
    }

    @Test
    void testIsLongOption_ShortOptionWithValue() {
        assertTrue(parser.isLongOption(""-o=value""));
    }

    @Test
    void testIsLongOption_InvalidLongOption() {
        assertFalse(parser.isLongOption(""--invalidOption""));
    }

    @Test
    void testIsLongOption_ShortOption() {
        assertFalse(parser.isLongOption(""-o""));
    }
}
```"
JA-033,java,data-research/java_functions/JA-033.java,"```java
package org.apache.commons.collections4;

import org.junit.jupiter.api.Test;
import static org.junit.jupiter.api.Assertions.*;

public class ArrayUtilsTest {
    
    @Test
    void testIndexOf_ArrayIsNull() {
        assertEquals(CollectionUtils.INDEX_NOT_FOUND, ArrayUtils.indexOf(null, ""test"", 0));
    }

    @Test
    void testIndexOf_StartIndexNegative() {
        Object[] array = {""a"", ""b"", ""c""};
        assertEquals(0, ArrayUtils.indexOf(array, null, -1));
    }

    @Test
    void testIndexOf_ObjectToFindIsNull() {
        Object[] array = {""a"", null, ""c""};
        assertEquals(1, ArrayUtils.indexOf(array, null, 0));
    }

    @Test
    void testIndexOf_ObjectFound() {
        Object[] array = {""a"", ""b"", ""c""};
        assertEquals(1, ArrayUtils.indexOf(array, ""b"", 0));
    }

    @Test
    void testIndexOf_ObjectNotFound() {
        Object[] array = {""a"", ""b"", ""c""};
        assertEquals(CollectionUtils.INDEX_NOT_FOUND, ArrayUtils.indexOf(array, ""d"", 0));
    }

    @Test
    void testIndexOf_StartIndexWithinBounds() {
        Object[] array = {""a"", ""b"", ""c"", ""b""};
        assertEquals(3, ArrayUtils.indexOf(array, ""b"", 2));
    }

    @Test
    void testIndexOf_StartIndexOutOfBounds() {
        Object[] array = {""a"", ""b"", ""c""};
        assertEquals(CollectionUtils.INDEX_NOT_FOUND, ArrayUtils.indexOf(array, ""a"", 5));
    }
}
```"
JA-034,java,data-research/java_functions/JA-034.java,"```java
package org.apache.commons.csv;

import org.junit.jupiter.api.Test;
import static org.junit.jupiter.api.Assertions.*;

public class CSVFormatTest {
    
    @Test
    void testTrim_StringWithSpaces() {
        assertEquals(""Hello"", CSVFormat.trim(""   Hello   ""));
    }

    @Test
    void testTrim_EmptyString() {
        assertEquals("""", CSVFormat.trim(""""));
    }

    @Test
    void testTrim_Null() {
        assertThrows(NullPointerException.class, () -> CSVFormat.trim(null));
    }

    @Test
    void testTrim_NoTrimNeeded() {
        assertEquals(""NoTrim"", CSVFormat.trim(""NoTrim""));
    }

    @Test
    void testTrim_CharSequenceWithTrimChars() {
        CharSequence input = new StringBuilder(""   Trimmed   "");
        assertEquals(""Trimmed"", CSVFormat.trim(input));
    }

    @Test
    void testTrim_CharSequenceWithoutTrimChars() {
        CharSequence input = new StringBuilder(""NoTrim"");
        assertEquals(""NoTrim"", CSVFormat.trim(input));
    }

    @Test
    void testTrim_CharSequenceWithOnlyTrimChars() {
        CharSequence input = new StringBuilder(""   "");
        assertEquals("""", CSVFormat.trim(input));
    }
}
```"
JA-035,java,data-research/java_functions/JA-035.java,"```java
package org.apache.commons.math4.core.jdkmath;

import org.junit.jupiter.api.Test;
import static org.junit.jupiter.api.Assertions.*;

public class AccurateMathTest {

    @Test
    void testTanh_NaN() {
        assertTrue(Double.isNaN(AccurateMath.tanh(Double.NaN)));
    }

    @Test
    void testTanh_PositiveInfinity() {
        assertEquals(1.0, AccurateMath.tanh(Double.POSITIVE_INFINITY));
    }

    @Test
    void testTanh_NegativeInfinity() {
        assertEquals(-1.0, AccurateMath.tanh(Double.NEGATIVE_INFINITY));
    }

    @Test
    void testTanh_Zero() {
        assertEquals(0.0, AccurateMath.tanh(0.0));
    }

    @Test
    void testTanh_PositiveSmall() {
        assertEquals(0.46211715726000974, AccurateMath.tanh(0.5), 1e-15);
    }

    @Test
    void testTanh_NegativeSmall() {
        assertEquals(-0.46211715726000974, AccurateMath.tanh(-0.5), 1e-15);
    }

    @Test
    void testTanh_PositiveLarge() {
        assertEquals(1.0, AccurateMath.tanh(21.0));
    }

    @Test
    void testTanh_NegativeLarge() {
        assertEquals(-1.0, AccurateMath.tanh(-21.0));
    }

    @Test
    void testTanh_PositiveBoundary() {
        assertEquals(1.0, AccurateMath.tanh(20.0));
    }

    @Test
    void testTanh_NegativeBoundary() {
        assertEquals(-1.0, AccurateMath.tanh(-20.0));
    }
}
```"
JA-036,java,data-research/java_functions/JA-036.java,"```java
package com.google.gson.typeadapters;

import org.junit.jupiter.api.Test;
import static org.junit.jupiter.api.Assertions.*;

public class UtcDateTypeAdapterTest {

    @Test
    void testParseInt_ValidInput() {
        assertEquals(123, UtcDateTypeAdapter.parseInt(""123"", 0, 3));
    }

    @Test
    void testParseInt_LeadingZeros() {
        assertEquals(45, UtcDateTypeAdapter.parseInt(""045"", 0, 3));
    }

    @Test
    void testParseInt_EmptyString() {
        assertThrows(NumberFormatException.class, () -> {
            UtcDateTypeAdapter.parseInt("""", 0, 0);
        });
    }

    @Test
    void testParseInt_InvalidCharacter() {
        assertThrows(NumberFormatException.class, () -> {
            UtcDateTypeAdapter.parseInt(""12a3"", 0, 4);
        });
    }

    @Test
    void testParseInt_BeginIndexOutOfBounds() {
        assertThrows(NumberFormatException.class, () -> {
            UtcDateTypeAdapter.parseInt(""123"", -1, 3);
        });
    }

    @Test
    void testParseInt_EndIndexOutOfBounds() {
        assertThrows(NumberFormatException.class, () -> {
            UtcDateTypeAdapter.parseInt(""123"", 0, 5);
        });
    }

    @Test
    void testParseInt_BeginIndexGreaterThanEndIndex() {
        assertThrows(NumberFormatException.class, () -> {
            UtcDateTypeAdapter.parseInt(""123"", 2, 1);
        });
    }
}
```"
JA-037,java,data-research/java_functions/JA-037.java,"```java
package org.jfree.chart;

import org.junit.jupiter.api.Test;
import org.mockito.Mockito;

import java.awt.Graphics2D;
import java.awt.geom.Rectangle2D;

import static org.junit.jupiter.api.Assertions.assertNull;
import static org.mockito.Mockito.*;

public class JFreeChartTest {

    @Test
    void testDrawTitle_NullTitle() {
        JFreeChart chart = new JFreeChart();
        Graphics2D g2 = mock(Graphics2D.class);
        Rectangle2D area = new Rectangle2D.Double(0, 0, 100, 100);
        assertNull(chart.drawTitle(null, g2, area, true));
    }

    @Test
    void testDrawTitle_NullArea() {
        JFreeChart chart = new JFreeChart();
        Title title = mock(Title.class);
        Graphics2D g2 = mock(Graphics2D.class);
        assertNull(chart.drawTitle(title, g2, null, true));
    }

    @Test
    void testDrawTitle_WidthZero() {
        JFreeChart chart = new JFreeChart();
        Title title = mock(Title.class);
        Graphics2D g2 = mock(Graphics2D.class);
        Rectangle2D area = new Rectangle2D.Double(0, 0, 0, 100);
        assertNull(chart.drawTitle(title, g2, area, true));
    }

    @Test
    void testDrawTitle_HeightZero() {
        JFreeChart chart = new JFreeChart();
        Title title = mock(Title.class);
        Graphics2D g2 = mock(Graphics2D.class);
        Rectangle2D area = new Rectangle2D.Double(0, 0, 100, 0);
        assertNull(chart.drawTitle(title, g2, area, true));
    }

    @Test
    void testDrawTitle_TopPosition() {
        JFreeChart chart = new JFreeChart();
        Title title = mock(Title.class);
        when(title.getPosition()).thenReturn(RectangleEdge.TOP);
        when(title.arrange(any(Graphics2D.class), any(RectangleConstraint.class)))
                .thenReturn(new Size2D(100, 20));
        when(title.draw(any(Graphics2D.class), any(Rectangle2D.class), any(BlockParams.class)))
                .thenReturn(new EntityBlockResult());

        Graphics2D g2 = mock(Graphics2D.class);
        Rectangle2D area = new Rectangle2D.Double(0, 0, 100, 100);
        assertNotNull(chart.drawTitle(title, g2, area, true));
    }

    @Test
    void testDrawTitle_BottomPosition() {
        JFreeChart chart = new JFreeChart();
        Title title = mock(Title.class);
        when(title.getPosition()).thenReturn(RectangleEdge.BOTTOM);
        when(title.arrange(any(Graphics2D.class), any(RectangleConstraint.class)))
                .thenReturn(new Size2D(100, 20));
        when(title.draw(any(Graphics2D.class), any(Rectangle2D.class), any(BlockParams.class)))
                .thenReturn(new EntityBlockResult());

        Graphics2D g2 = mock(Graphics2D.class);
        Rectangle2D area = new Rectangle2D.Double(0, 0, 100, 100);
        assertNotNull(chart.drawTitle(title, g2, area, true));
    }

    @Test
    void testDrawTitle_RightPosition() {
        JFreeChart chart = new JFreeChart();
        Title title = mock(Title.class);
        when(title.getPosition()).thenReturn(RectangleEdge.RIGHT);
        when(title.arrange(any(Graphics2D.class), any(RectangleConstraint.class)))
                .thenReturn(new Size2D(20, 100));
        when(title.draw(any(Graphics2D.class), any(Rectangle2D.class), any(BlockParams.class)))
                .thenReturn(new EntityBlockResult());

        Graphics2D g2 = mock(Graphics2D.class);
        Rectangle2D area = new Rectangle2D.Double(0, 0, 100, 100);
        assertNotNull(chart.drawTitle(title, g2, area, true));
    }

    @Test
    void testDrawTitle_LeftPosition() {
        JFreeChart chart = new JFreeChart();
        Title title = mock(Title.class);
        when(title.getPosition()).thenReturn(RectangleEdge.LEFT);
        when(title.arrange(any(Graphics2D.class), any(RectangleConstraint.class)))
                .thenReturn(new Size2D(20, 100));
        when(title.draw(any(Graphics2D.class), any(Rectangle2D.class), any(BlockParams.class)))
                .thenReturn(new EntityBlockResult());

        Graphics2D g2 = mock(Graphics2D.class);
        Rectangle2D area = new Rectangle2D.Double(0, 0, 100, 100);
        assertNotNull(chart.drawTitle(title, g2, area, true));
    }

    @Test
    void testDrawTitle_UnrecognizedPosition() {
        JFreeChart chart = new JFreeChart();
        Title title = mock(Title.class);
        when(title.getPosition()).thenReturn(null); // Simulate unrecognized position
        Graphics2D g2 = mock(Graphics2D.class);
        Rectangle2D area = new Rectangle2D.Double(0, 0, 100, 100);
        assertThrows(RuntimeException.class, () -> chart.drawTitle(title, g2, area, true));
    }
}
```"
JA-038,java,data-research/java_functions/JA-038.java,"```java
package org.jsoup.nodes;

import org.junit.jupiter.api.Test;
import static org.junit.jupiter.api.Assertions.*;

public class AttributesTest {

    @Test
    void testEquals_SameInstance() {
        Attributes attributes = new Attributes();
        assertTrue(attributes.equals(attributes));
    }

    @Test
    void testEquals_NullObject() {
        Attributes attributes = new Attributes();
        assertFalse(attributes.equals(null));
    }

    @Test
    void testEquals_DifferentClass() {
        Attributes attributes = new Attributes();
        assertFalse(attributes.equals(""Not an Attributes instance""));
    }

    @Test
    void testEquals_DifferentSize() {
        Attributes attributes1 = new Attributes();
        attributes1.add(""key1"", ""value1"");
        Attributes attributes2 = new Attributes();
        attributes2.add(""key1"", ""value1"");
        attributes2.add(""key2"", ""value2"");
        assertFalse(attributes1.equals(attributes2));
    }

    @Test
    void testEquals_SameSize_DifferentValues() {
        Attributes attributes1 = new Attributes();
        attributes1.add(""key1"", ""value1"");
        Attributes attributes2 = new Attributes();
        attributes2.add(""key1"", ""value2"");
        assertFalse(attributes1.equals(attributes2));
    }

    @Test
    void testEquals_SameSize_SameValues() {
        Attributes attributes1 = new Attributes();
        attributes1.add(""key1"", ""value1"");
        Attributes attributes2 = new Attributes();
        attributes2.add(""key1"", ""value1"");
        assertTrue(attributes1.equals(attributes2));
    }

    @Test
    void testEquals_SameSize_SameKeys_DifferentOrder() {
        Attributes attributes1 = new Attributes();
        attributes1.add(""key1"", ""value1"");
        attributes1.add(""key2"", ""value2"");
        Attributes attributes2 = new Attributes();
        attributes2.add(""key2"", ""value2"");
        attributes2.add(""key1"", ""value1"");
        assertTrue(attributes1.equals(attributes2));
    }
}
```"
JA-039,java,data-research/java_functions/JA-039.java,"```java
package org.joda.time;

import org.junit.jupiter.api.Test;
import static org.junit.jupiter.api.Assertions.*;
import static org.mockito.Mockito.*;

public class PeriodTest {

    @Test
    void testFieldDifference_NullStart() {
        ReadablePartial end = mock(ReadablePartial.class);
        assertThrows(IllegalArgumentException.class, () -> Period.fieldDifference(null, end));
    }

    @Test
    void testFieldDifference_NullEnd() {
        ReadablePartial start = mock(ReadablePartial.class);
        assertThrows(IllegalArgumentException.class, () -> Period.fieldDifference(start, null));
    }

    @Test
    void testFieldDifference_DifferentSizes() {
        ReadablePartial start = mock(ReadablePartial.class);
        ReadablePartial end = mock(ReadablePartial.class);
        when(start.size()).thenReturn(2);
        when(end.size()).thenReturn(3);
        assertThrows(IllegalArgumentException.class, () -> Period.fieldDifference(start, end));
    }

    @Test
    void testFieldDifference_DifferentFieldTypes() {
        ReadablePartial start = mock(ReadablePartial.class);
        ReadablePartial end = mock(ReadablePartial.class);
        when(start.size()).thenReturn(2);
        when(end.size()).thenReturn(2);
        when(start.getFieldType(0)).thenReturn(DurationFieldType.years());
        when(end.getFieldType(0)).thenReturn(DurationFieldType.months());
        assertThrows(IllegalArgumentException.class, () -> Period.fieldDifference(start, end));
    }

    @Test
    void testFieldDifference_OverlappingFields() {
        ReadablePartial start = mock(ReadablePartial.class);
        ReadablePartial end = mock(ReadablePartial.class);
        when(start.size()).thenReturn(2);
        when(end.size()).thenReturn(2);
        when(start.getFieldType(0)).thenReturn(DurationFieldType.years());
        when(start.getFieldType(1)).thenReturn(DurationFieldType.years());
        when(end.getFieldType(0)).thenReturn(DurationFieldType.years());
        when(end.getFieldType(1)).thenReturn(DurationFieldType.years());
        assertThrows(IllegalArgumentException.class, () -> Period.fieldDifference(start, end));
    }

    @Test
    void testFieldDifference_ValidInput() {
        ReadablePartial start = mock(ReadablePartial.class);
        ReadablePartial end = mock(ReadablePartial.class);
        when(start.size()).thenReturn(2);
        when(end.size()).thenReturn(2);
        when(start.getFieldType(0)).thenReturn(DurationFieldType.years());
        when(start.getFieldType(1)).thenReturn(DurationFieldType.months());
        when(end.getFieldType(0)).thenReturn(DurationFieldType.years());
        when(end.getFieldType(1)).thenReturn(DurationFieldType.months());
        when(start.getValue(0)).thenReturn(1);
        when(start.getValue(1)).thenReturn(5);
        when(end.getValue(0)).thenReturn(2);
        when(end.getValue(1)).thenReturn(10);
        
        Period result = Period.fieldDifference(start, end);
        assertNotNull(result);
        assertEquals(1, result.getYears());
        assertEquals(5, result.getMonths());
    }
}
```"
JA-040,java,data-research/java_functions/JA-040.java,"```java
package org.apache.commons.cli;

import org.junit.jupiter.api.Test;
import java.io.StringWriter;
import java.io.IOException;

import static org.junit.jupiter.api.Assertions.assertEquals;

public class OptionComparatorTest {

    private final OptionComparator optionComparator = new OptionComparator();

    @Test
    void testAppendWrappedText_WidthZero() throws IOException {
        StringWriter writer = new StringWriter();
        String result = optionComparator.appendWrappedText(writer, 0, 4, ""Some text"");
        assertEquals("""", result.toString());
    }

    @Test
    void testAppendWrappedText_NoWrap() throws IOException {
        StringWriter writer = new StringWriter();
        String result = optionComparator.appendWrappedText(writer, 20, 4, ""Some text that fits"");
        assertEquals(""Some text that fits"", result.toString());
    }

    @Test
    void testAppendWrappedText_WithWrap() throws IOException {
        StringWriter writer = new StringWriter();
        String result = optionComparator.appendWrappedText(writer, 10, 4, ""Some text that needs to be wrapped"");
        assertEquals(""Some text\nthat needs to be\nwrapped"", result.toString().trim());
    }

    @Test
    void testAppendWrappedText_NextLineTabStop() throws IOException {
        StringWriter writer = new StringWriter();
        String result = optionComparator.appendWrappedText(writer, 10, 15, ""Some text that needs to be wrapped"");
        assertEquals(""Some text\n          that needs\n          to be\n          wrapped"", result.toString().trim());
    }

    @Test
    void testAppendWrappedText_EmptyString() throws IOException {
        StringWriter writer = new StringWriter();
        String result = optionComparator.appendWrappedText(writer, 10, 4, """");
        assertEquals("""", result.toString());
    }

    @Test
    void testAppendWrappedText_SingleWord() throws IOException {
        StringWriter writer = new StringWriter();
        String result = optionComparator.appendWrappedText(writer, 10, 4, ""Word"");
        assertEquals(""Word"", result.toString());
    }
}
```"
JA-041,java,data-research/java_functions/JA-041.java,"```java
package org.joda.time;

import org.junit.jupiter.api.Test;
import static org.junit.jupiter.api.Assertions.*;

public class DateTimeZoneTest {

    @Test
    void testGetDefaultProvider_WithSystemPropertyProvider() {
        System.setProperty(""org.joda.time.DateTimeZone.Provider"", ""org.joda.time.SomeCustomProvider"");
        Provider provider = DateTimeZone.getDefaultProvider();
        assertNotNull(provider);
        assertTrue(provider instanceof SomeCustomProvider);
    }

    @Test
    void testGetDefaultProvider_WithInvalidProviderClass() {
        System.setProperty(""org.joda.time.DateTimeZone.Provider"", ""java.lang.String"");
        Exception exception = assertThrows(RuntimeException.class, () -> {
            DateTimeZone.getDefaultProvider();
        });
        assertTrue(exception.getCause() instanceof IllegalArgumentException);
    }

    @Test
    void testGetDefaultProvider_WithDataFolder() {
        System.setProperty(""org.joda.time.DateTimeZone.Folder"", ""/path/to/data"");
        Provider provider = DateTimeZone.getDefaultProvider();
        assertNotNull(provider);
        assertTrue(provider instanceof ZoneInfoProvider);
    }

    @Test
    void testGetDefaultProvider_WithInvalidDataFolder() {
        System.setProperty(""org.joda.time.DateTimeZone.Folder"", ""/invalid/path"");
        Exception exception = assertThrows(RuntimeException.class, () -> {
            DateTimeZone.getDefaultProvider();
        });
        assertNotNull(exception);
    }

    @Test
    void testGetDefaultProvider_UsingDefaultPath() {
        Provider provider = DateTimeZone.getDefaultProvider();
        assertNotNull(provider);
        assertTrue(provider instanceof ZoneInfoProvider);
    }

    @Test
    void testGetDefaultProvider_UsingUTCProvider() {
        System.clearProperty(""org.joda.time.DateTimeZone.Provider"");
        System.clearProperty(""org.joda.time.DateTimeZone.Folder"");
        Provider provider = DateTimeZone.getDefaultProvider();
        assertNotNull(provider);
        assertTrue(provider instanceof UTCProvider);
    }
}
```"
JA-042,java,data-research/java_functions/JA-042.java,"```java
package org.apache.commons.cli;

import org.junit.jupiter.api.Test;
import static org.junit.jupiter.api.Assertions.*;

class DefaultParserTest {

    private final DefaultParser parser = new DefaultParser();

    @Test
    void testHandleUnknownToken_ThrowAction() {
        parser.setNonOptionAction(NonOptionAction.THROW);
        Exception exception = assertThrows(UnrecognizedOptionException.class, () -> {
            parser.handleUnknownToken(""--unknown"");
        });
        assertEquals(""Unrecognized option: --unknown"", exception.getMessage());
    }

    @Test
    void testHandleUnknownToken_IgnoreAction() {
        parser.setNonOptionAction(NonOptionAction.IGNORE);
        parser.handleUnknownToken(""--unknown"");
        // No exception should be thrown, and we can verify the state if needed
    }

    @Test
    void testHandleUnknownToken_StopAction() {
        parser.setNonOptionAction(NonOptionAction.STOP);
        parser.handleUnknownToken(""--unknown"");
        assertTrue(parser.isSkipParsing());
    }

    @Test
    void testHandleUnknownToken_EmptyToken() {
        parser.setNonOptionAction(NonOptionAction.THROW);
        parser.handleUnknownToken("""");
        // No exception should be thrown, and we can verify the state if needed
    }

    @Test
    void testHandleUnknownToken_DefaultOptPrefixOnly() {
        parser.setNonOptionAction(NonOptionAction.THROW);
        Exception exception = assertThrows(UnrecognizedOptionException.class, () -> {
            parser.handleUnknownToken(OptionFormatter.DEFAULT_OPT_PREFIX);
        });
        assertEquals(""Unrecognized option: "" + OptionFormatter.DEFAULT_OPT_PREFIX, exception.getMessage());
    }

    @Test
    void testHandleUnknownToken_ValidToken() {
        parser.setNonOptionAction(NonOptionAction.IGNORE);
        parser.handleUnknownToken(""validToken"");
        // No exception should be thrown, and we can verify the state if needed
    }
}
```"
JA-043,java,data-research/java_functions/JA-043.java,"```java
package org.apache.commons.collections4;

import org.junit.jupiter.api.Test;

import java.util.*;

import static org.junit.jupiter.api.Assertions.*;

public class SetOperationCardinalityHelperTest {

    @Test
    void testGet_NegativeIndex() {
        assertThrows(IndexOutOfBoundsException.class, () -> {
            SetOperationCardinalityHelper.get(new ArrayList<>(), -1);
        });
    }

    @Test
    void testGet_Map() {
        Map<String, Integer> map = new HashMap<>();
        map.put(""one"", 1);
        map.put(""two"", 2);
        assertEquals(2, SetOperationCardinalityHelper.get(map, 1));
    }

    @Test
    void testGet_Array() {
        String[] array = {""a"", ""b"", ""c""};
        assertEquals(""b"", SetOperationCardinalityHelper.get(array, 1));
    }

    @Test
    void testGet_Iterator() {
        List<String> list = Arrays.asList(""x"", ""y"", ""z"");
        Iterator<String> iterator = list.iterator();
        assertEquals(""y"", SetOperationCardinalityHelper.get(iterator, 1));
    }

    @Test
    void testGet_Iterable() {
        List<String> list = Arrays.asList(""alpha"", ""beta"", ""gamma"");
        assertEquals(""beta"", SetOperationCardinalityHelper.get(list, 1));
    }

    @Test
    void testGet_Enumeration() {
        Vector<String> vector = new Vector<>();
        vector.add(""first"");
        vector.add(""second"");
        assertEquals(""second"", SetOperationCardinalityHelper.get(vector.elements(), 1));
    }

    @Test
    void testGet_NullObject() {
        assertThrows(IllegalArgumentException.class, () -> {
            SetOperationCardinalityHelper.get(null, 0);
        });
    }

    @Test
    void testGet_UnsupportedType() {
        Object unsupportedObject = new Object();
        assertThrows(IllegalArgumentException.class, () -> {
            SetOperationCardinalityHelper.get(unsupportedObject, 0);
        });
    }

    @Test
    void testGet_ArrayWithIllegalArgument() {
        Object invalidArray = new Object();
        assertThrows(IllegalArgumentException.class, () -> {
            SetOperationCardinalityHelper.get(invalidArray, 0);
        });
    }
}
```"
JA-044,java,data-research/java_functions/JA-044.java,"```java
package org.apache.commons.csv;

import org.junit.jupiter.api.Test;
import java.io.IOException;
import static org.mockito.Mockito.*;

public class CSVPrinterTest {

    @Test
    void testPrintComment_NullComment() throws IOException {
        Appendable appendable = mock(Appendable.class);
        CSVFormat format = mock(CSVFormat.class);
        when(format.isCommentMarkerSet()).thenReturn(true);
        CSVPrinter printer = new CSVPrinter(appendable, format);
        printer.printComment(null);
        verify(appendable, never()).append(anyChar());
    }

    @Test
    void testPrintComment_CommentMarkerNotSet() throws IOException {
        Appendable appendable = mock(Appendable.class);
        CSVFormat format = mock(CSVFormat.class);
        when(format.isCommentMarkerSet()).thenReturn(false);
        CSVPrinter printer = new CSVPrinter(appendable, format);
        printer.printComment(""This is a comment"");
        verify(appendable, never()).append(anyChar());
    }

    @Test
    void testPrintComment_EmptyComment() throws IOException {
        Appendable appendable = mock(Appendable.class);
        CSVFormat format = mock(CSVFormat.class);
        when(format.isCommentMarkerSet()).thenReturn(true);
        CSVPrinter printer = new CSVPrinter(appendable, format);
        printer.printComment("""");
        verify(appendable, times(1)).append(format.getCommentMarker().charValue());
        verify(appendable, times(1)).append(' ');
    }

    @Test
    void testPrintComment_SingleLineComment() throws IOException {
        Appendable appendable = mock(Appendable.class);
        CSVFormat format = mock(CSVFormat.class);
        when(format.isCommentMarkerSet()).thenReturn(true);
        when(format.getCommentMarker()).thenReturn('#');
        CSVPrinter printer = new CSVPrinter(appendable, format);
        printer.printComment(""This is a comment"");
        verify(appendable, times(1)).append('#');
        verify(appendable, times(1)).append(' ');
        verify(appendable, times(1)).append(""This is a comment"");
    }

    @Test
    void testPrintComment_MultiLineComment() throws IOException {
        Appendable appendable = mock(Appendable.class);
        CSVFormat format = mock(CSVFormat.class);
        when(format.isCommentMarkerSet()).thenReturn(true);
        when(format.getCommentMarker()).thenReturn('#');
        CSVPrinter printer = new CSVPrinter(appendable, format);
        printer.printComment(""Line 1\nLine 2"");
        verify(appendable, times(1)).append('#');
        verify(appendable, times(1)).append(' ');
        verify(appendable, times(1)).append(""Line 1"");
        verify(appendable, times(1)).append(System.lineSeparator());
        verify(appendable, times(1)).append('#');
        verify(appendable, times(1)).append(' ');
        verify(appendable, times(1)).append(""Line 2"");
    }
}
```"
JA-045,java,data-research/java_functions/JA-045.java,"```java
package org.apache.commons.math4.core.jdkmath;

import org.junit.jupiter.api.Test;
import static org.junit.jupiter.api.Assertions.*;

public class AccurateMathTest {

    @Test
    void testExpm1_NaN() {
        double[] hiPrecOut = new double[2];
        assertEquals(Double.NaN, AccurateMath.expm1(Double.NaN, hiPrecOut));
    }

    @Test
    void testExpm1_Zero() {
        double[] hiPrecOut = new double[2];
        assertEquals(0.0, AccurateMath.expm1(0.0, hiPrecOut));
    }

    @Test
    void testExpm1_PositiveGreaterThanOne() {
        double[] hiPrecOut = new double[2];
        assertTrue(AccurateMath.expm1(2.0, hiPrecOut) > 0);
    }

    @Test
    void testExpm1_NegativeLessThanNegativeOne() {
        double[] hiPrecOut = new double[2];
        assertTrue(AccurateMath.expm1(-2.0, hiPrecOut) < 0);
    }

    @Test
    void testExpm1_PositiveBetweenZeroAndOne() {
        double[] hiPrecOut = new double[2];
        assertEquals(AccurateMath.expm1(0.5, hiPrecOut), Math.expm1(0.5), 1e-10);
    }

    @Test
    void testExpm1_NegativeBetweenZeroAndNegativeOne() {
        double[] hiPrecOut = new double[2];
        assertEquals(AccurateMath.expm1(-0.5, hiPrecOut), Math.expm1(-0.5), 1e-10);
    }

    @Test
    void testExpm1_PositiveBoundary() {
        double[] hiPrecOut = new double[2];
        assertEquals(AccurateMath.expm1(1.0, hiPrecOut), Math.expm1(1.0), 1e-10);
    }

    @Test
    void testExpm1_NegativeBoundary() {
        double[] hiPrecOut = new double[2];
        assertEquals(AccurateMath.expm1(-1.0, hiPrecOut), Math.expm1(-1.0), 1e-10);
    }
}
```"
JA-046,java,data-research/java_functions/JA-046.java,"```java
package com.google.gson;

import org.junit.jupiter.api.Test;
import static org.junit.jupiter.api.Assertions.*;
import static org.mockito.Mockito.*;

public class GsonTest {

    @Test
    void testGetAdapter_NullTypeToken() {
        Gson gson = new Gson();
        assertThrows(NullPointerException.class, () -> gson.getAdapter(null));
    }

    @Test
    void testGetAdapter_CachedAdapter() {
        Gson gson = new Gson();
        TypeToken<String> typeToken = TypeToken.get(String.class);
        TypeAdapter<String> adapter = mock(TypeAdapter.class);
        gson.typeTokenCache.put(typeToken, adapter);
        
        assertSame(adapter, gson.getAdapter(typeToken));
    }

    @Test
    void testGetAdapter_InitialRequest() {
        Gson gson = new Gson();
        TypeToken<String> typeToken = TypeToken.get(String.class);
        TypeAdapterFactory factory = mock(TypeAdapterFactory.class);
        TypeAdapter<String> adapter = mock(TypeAdapter.class);
        
        when(factory.create(gson, typeToken)).thenReturn(adapter);
        gson.factories.add(factory);
        
        assertSame(adapter, gson.getAdapter(typeToken));
    }

    @Test
    void testGetAdapter_NoFactoryFound() {
        Gson gson = new Gson();
        TypeToken<String> typeToken = TypeToken.get(String.class);
        
        assertThrows(IllegalArgumentException.class, () -> gson.getAdapter(typeToken));
    }

    @Test
    void testGetAdapter_CyclicDependency() {
        Gson gson = new Gson();
        TypeToken<CyclicA> typeTokenA = TypeToken.get(CyclicA.class);
        TypeToken<CyclicB> typeTokenB = TypeToken.get(CyclicB.class);
        
        TypeAdapterFactory factoryA = mock(TypeAdapterFactory.class);
        TypeAdapterFactory factoryB = mock(TypeAdapterFactory.class);
        
        when(factoryA.create(gson, typeTokenA)).thenReturn(null);
        when(factoryB.create(gson, typeTokenB)).thenReturn(null);
        
        gson.factories.add(factoryA);
        gson.factories.add(factoryB);
        
        assertThrows(IllegalArgumentException.class, () -> gson.getAdapter(typeTokenA));
        assertThrows(IllegalArgumentException.class, () -> gson.getAdapter(typeTokenB));
    }

    private static class CyclicA {
        CyclicB b;
    }

    private static class CyclicB {
        CyclicA a;
    }
}
```"
JA-047,java,data-research/java_functions/JA-047.java,"```java
package org.jfree.chart.annotations;

import org.junit.jupiter.api.Test;
import static org.junit.jupiter.api.Assertions.*;

class CategoryLineAnnotationTest {

    @Test
    void testEquals_SameInstance() {
        CategoryLineAnnotation annotation = new CategoryLineAnnotation(""Category1"", 1.0, ""Category2"", 2.0, null, null);
        assertTrue(annotation.equals(annotation));
    }

    @Test
    void testEquals_DifferentClass() {
        CategoryLineAnnotation annotation = new CategoryLineAnnotation(""Category1"", 1.0, ""Category2"", 2.0, null, null);
        assertFalse(annotation.equals(""NotACategoryLineAnnotation""));
    }

    @Test
    void testEquals_DifferentCategory1() {
        CategoryLineAnnotation annotation1 = new CategoryLineAnnotation(""Category1"", 1.0, ""Category2"", 2.0, null, null);
        CategoryLineAnnotation annotation2 = new CategoryLineAnnotation(""Category3"", 1.0, ""Category2"", 2.0, null, null);
        assertFalse(annotation1.equals(annotation2));
    }

    @Test
    void testEquals_DifferentValue1() {
        CategoryLineAnnotation annotation1 = new CategoryLineAnnotation(""Category1"", 1.0, ""Category2"", 2.0, null, null);
        CategoryLineAnnotation annotation2 = new CategoryLineAnnotation(""Category1"", 3.0, ""Category2"", 2.0, null, null);
        assertFalse(annotation1.equals(annotation2));
    }

    @Test
    void testEquals_DifferentCategory2() {
        CategoryLineAnnotation annotation1 = new CategoryLineAnnotation(""Category1"", 1.0, ""Category2"", 2.0, null, null);
        CategoryLineAnnotation annotation2 = new CategoryLineAnnotation(""Category1"", 1.0, ""Category3"", 2.0, null, null);
        assertFalse(annotation1.equals(annotation2));
    }

    @Test
    void testEquals_DifferentValue2() {
        CategoryLineAnnotation annotation1 = new CategoryLineAnnotation(""Category1"", 1.0, ""Category2"", 2.0, null, null);
        CategoryLineAnnotation annotation2 = new CategoryLineAnnotation(""Category1"", 1.0, ""Category2"", 3.0, null, null);
        assertFalse(annotation1.equals(annotation2));
    }

    @Test
    void testEquals_DifferentPaint() {
        CategoryLineAnnotation annotation1 = new CategoryLineAnnotation(""Category1"", 1.0, ""Category2"", 2.0, Color.RED, null);
        CategoryLineAnnotation annotation2 = new CategoryLineAnnotation(""Category1"", 1.0, ""Category2"", 2.0, Color.BLUE, null);
        assertFalse(annotation1.equals(annotation2));
    }

    @Test
    void testEquals_DifferentStroke() {
        CategoryLineAnnotation annotation1 = new CategoryLineAnnotation(""Category1"", 1.0, ""Category2"", 2.0, null, new BasicStroke(1.0f));
        CategoryLineAnnotation annotation2 = new CategoryLineAnnotation(""Category1"", 1.0, ""Category2"", 2.0, null, new BasicStroke(2.0f));
        assertFalse(annotation1.equals(annotation2));
    }

    @Test
    void testEquals_SameValues() {
        CategoryLineAnnotation annotation1 = new CategoryLineAnnotation(""Category1"", 1.0, ""Category2"", 2.0, Color.RED, new BasicStroke(1.0f));
        CategoryLineAnnotation annotation2 = new CategoryLineAnnotation(""Category1"", 1.0, ""Category2"", 2.0, Color.RED, new BasicStroke(1.0f));
        assertTrue(annotation1.equals(annotation2));
    }
}
```"
JA-048,java,data-research/java_functions/JA-048.java,"```java
package org.jsoup.examples;

import org.junit.jupiter.api.Test;
import static org.junit.jupiter.api.Assertions.*;

class FormattingVisitorTest {
    private final FormattingVisitor visitor = new FormattingVisitor();

    @Test
    void testAppend_NewlineAtStart() {
        visitor.append(""\nHello"");
        assertEquals(0, visitor.getWidth());
    }

    @Test
    void testAppend_SingleSpace() {
        visitor.append("" "");
        assertEquals(0, visitor.getAccum().length());
    }

    @Test
    void testAppend_AccumulateText() {
        visitor.append(""Hello"");
        assertEquals(""Hello"", visitor.getAccum().toString());
        assertEquals(5, visitor.getWidth());
    }

    @Test
    void testAppend_WrapText() {
        visitor.setMaxWidth(5);
        visitor.append(""Hello World"");
        assertEquals(""Hello\nWorld"", visitor.getAccum().toString());
        assertEquals(5, visitor.getWidth());
    }

    @Test
    void testAppend_IgnoreLongSpaces() {
        visitor.append(""Hello"");
        visitor.append("" "");
        visitor.append("" "");
        visitor.append(""World"");
        assertEquals(""Hello World"", visitor.getAccum().toString());
        assertEquals(11, visitor.getWidth());
    }

    @Test
    void testAppend_FitsWithoutWrap() {
        visitor.setMaxWidth(20);
        visitor.append(""Hello World"");
        assertEquals(""Hello World"", visitor.getAccum().toString());
        assertEquals(11, visitor.getWidth());
    }
}
```"
JA-049,java,data-research/java_functions/JA-049.java,"```java
package org.joda.time;

import org.junit.jupiter.api.Test;
import static org.junit.jupiter.api.Assertions.*;

public class DateTimeZoneTest {

    private final DateTimeZone dateTimeZone = DateTimeZone.forID(""UTC""); // Example timezone

    @Test
    void testGetOffsetFromLocal_DSTBoundary() {
        long instantLocal = 1622505600000L; // Example timestamp near a DST transition
        int expectedOffset = dateTimeZone.getOffsetFromLocal(instantLocal);
        assertEquals(expectedOffset, dateTimeZone.getOffsetFromLocal(instantLocal));
    }

    @Test
    void testGetOffsetFromLocal_NegativeOffset() {
        long instantLocal = -1622505600000L; // Example timestamp with negative offset
        int expectedOffset = dateTimeZone.getOffsetFromLocal(instantLocal);
        assertEquals(expectedOffset, dateTimeZone.getOffsetFromLocal(instantLocal));
    }

    @Test
    void testGetOffsetFromLocal_PositiveOffset() {
        long instantLocal = 1622505600000L; // Example timestamp with positive offset
        int expectedOffset = dateTimeZone.getOffsetFromLocal(instantLocal);
        assertEquals(expectedOffset, dateTimeZone.getOffsetFromLocal(instantLocal));
    }

    @Test
    void testGetOffsetFromLocal_ExactTransition() {
        long instantLocal = 1622509200000L; // Example timestamp exactly at a transition
        int expectedOffset = dateTimeZone.getOffsetFromLocal(instantLocal);
        assertEquals(expectedOffset, dateTimeZone.getOffsetFromLocal(instantLocal));
    }

    @Test
    void testGetOffsetFromLocal_BeforeTransition() {
        long instantLocal = 1622505600000L; // Example timestamp before a transition
        int expectedOffset = dateTimeZone.getOffsetFromLocal(instantLocal);
        assertEquals(expectedOffset, dateTimeZone.getOffsetFromLocal(instantLocal));
    }

    @Test
    void testGetOffsetFromLocal_AfterTransition() {
        long instantLocal = 1622512800000L; // Example timestamp after a transition
        int expectedOffset = dateTimeZone.getOffsetFromLocal(instantLocal);
        assertEquals(expectedOffset, dateTimeZone.getOffsetFromLocal(instantLocal));
    }
}
```"
JA-050,java,data-research/java_functions/JA-050.java,"```java
package org.apache.commons.cli;

import org.junit.jupiter.api.Test;
import static org.junit.jupiter.api.Assertions.*;

class HelpFormatterTest {

    @Test
    void testAppendOption_OptionalWithShortOpt() {
        StringBuilder buff = new StringBuilder();
        Option option = new Option(""a"", ""alpha"", true, ""Alpha option"");
        option.setArgName(""arg"");
        HelpFormatter formatter = new HelpFormatter();
        formatter.appendOption(buff, option, false);
        assertEquals(""[--alpha <arg>]"", buff.toString());
    }

    @Test
    void testAppendOption_OptionalWithLongOpt() {
        StringBuilder buff = new StringBuilder();
        Option option = new Option(null, ""beta"", true, ""Beta option"");
        option.setArgName(""arg"");
        HelpFormatter formatter = new HelpFormatter();
        formatter.appendOption(buff, option, false);
        assertEquals(""[--beta <arg>]"", buff.toString());
    }

    @Test
    void testAppendOption_RequiredWithShortOpt() {
        StringBuilder buff = new StringBuilder();
        Option option = new Option(""c"", ""charlie"", false, ""Charlie option"");
        HelpFormatter formatter = new HelpFormatter();
        formatter.appendOption(buff, option, true);
        assertEquals(""--charlie"", buff.toString());
    }

    @Test
    void testAppendOption_RequiredWithLongOpt() {
        StringBuilder buff = new StringBuilder();
        Option option = new Option(null, ""delta"", false, ""Delta option"");
        HelpFormatter formatter = new HelpFormatter();
        formatter.appendOption(buff, option, true);
        assertEquals(""--delta"", buff.toString());
    }

    @Test
    void testAppendOption_OptionalWithNoArgName() {
        StringBuilder buff = new StringBuilder();
        Option option = new Option(""e"", ""echo"", true, ""Echo option"");
        option.setArgName(null);
        HelpFormatter formatter = new HelpFormatter();
        formatter.appendOption(buff, option, false);
        assertEquals(""[--echo <arg>]"", buff.toString());
    }

    @Test
    void testAppendOption_OptionalWithEmptyArgName() {
        StringBuilder buff = new StringBuilder();
        Option option = new Option(""f"", ""foxtrot"", true, ""Foxtrot option"");
        option.setArgName("""");
        HelpFormatter formatter = new HelpFormatter();
        formatter.appendOption(buff, option, false);
        assertEquals(""[--foxtrot <arg>]"", buff.toString());
    }
}
```"
JA-051,java,data-research/java_functions/JA-051.java,"```java
package org.joda.time;

import org.junit.jupiter.api.Test;
import static org.junit.jupiter.api.Assertions.*;

public class DateTimeZoneTest {

    @Test
    void testConvertLocalToUTC_Strict_DSTGap() {
        long instantLocal = 1622505600000L; // Example timestamp
        boolean strict = true;
        assertThrows(IllegalInstantException.class, () -> {
            DateTimeZone dtz = DateTimeZone.forID(""America/New_York"");
            dtz.convertLocalToUTC(instantLocal, strict);
        });
    }

    @Test
    void testConvertLocalToUTC_NonStrict_DSTGap() {
        long instantLocal = 1622505600000L; // Example timestamp
        boolean strict = false;
        DateTimeZone dtz = DateTimeZone.forID(""America/New_York"");
        long result = dtz.convertLocalToUTC(instantLocal, strict);
        assertNotNull(result);
    }

    @Test
    void testConvertLocalToUTC_NoDSTGap() {
        long instantLocal = 1622505600000L; // Example timestamp
        boolean strict = false;
        DateTimeZone dtz = DateTimeZone.forID(""Europe/London"");
        long result = dtz.convertLocalToUTC(instantLocal, strict);
        assertNotNull(result);
    }

    @Test
    void testConvertLocalToUTC_Overflow() {
        long instantLocal = Long.MIN_VALUE; // Example to cause overflow
        boolean strict = false;
        DateTimeZone dtz = DateTimeZone.forID(""UTC"");
        assertThrows(ArithmeticException.class, () -> {
            dtz.convertLocalToUTC(instantLocal, strict);
        });
    }

    @Test
    void testConvertLocalToUTC_NegativeOffset() {
        long instantLocal = 1622505600000L; // Example timestamp
        boolean strict = false;
        DateTimeZone dtz = DateTimeZone.forID(""Pacific/Auckland"");
        long result = dtz.convertLocalToUTC(instantLocal, strict);
        assertNotNull(result);
    }
}
```"
JA-052,java,data-research/java_functions/JA-052.java,"```java
package org.apache.commons.cli;

import org.junit.jupiter.api.Test;
import static org.junit.jupiter.api.Assertions.*;

public class PatternOptionBuilderTest {
    @Test
    void testGetValueType_ObjectValue() {
        assertEquals(OBJECT_VALUE, PatternOptionBuilder.getValueType('@'));
    }

    @Test
    void testGetValueType_StringValue() {
        assertEquals(STRING_VALUE, PatternOptionBuilder.getValueType(':'));
    }

    @Test
    void testGetValueType_NumberValue() {
        assertEquals(NUMBER_VALUE, PatternOptionBuilder.getValueType('%'));
    }

    @Test
    void testGetValueType_ClassValue() {
        assertEquals(CLASS_VALUE, PatternOptionBuilder.getValueType('+'));
    }

    @Test
    void testGetValueType_DateValue() {
        assertEquals(DATE_VALUE, PatternOptionBuilder.getValueType('#'));
    }

    @Test
    void testGetValueType_ExistingFileValue() {
        assertEquals(EXISTING_FILE_VALUE, PatternOptionBuilder.getValueType('<'));
    }

    @Test
    void testGetValueType_FileValue() {
        assertEquals(FILE_VALUE, PatternOptionBuilder.getValueType('>'));
    }

    @Test
    void testGetValueType_FilesValue() {
        assertEquals(FILES_VALUE, PatternOptionBuilder.getValueType('*'));
    }

    @Test
    void testGetValueType_URLValue() {
        assertEquals(URL_VALUE, PatternOptionBuilder.getValueType('/'));
    }

    @Test
    void testGetValueType_InvalidCharacter() {
        assertNull(PatternOptionBuilder.getValueType('!'));
    }
}
```"
JA-053,java,data-research/java_functions/JA-053.java,"```java
package org.apache.commons.collections4;

import org.junit.jupiter.api.Test;

import java.util.*;

import static org.junit.jupiter.api.Assertions.*;

public class SetOperationCardinalityHelperTest {

    @Test
    void testSize_NullObject() {
        assertEquals(0, SetOperationCardinalityHelper.size(null));
    }

    @Test
    void testSize_Map() {
        Map<String, String> map = new HashMap<>();
        map.put(""key1"", ""value1"");
        map.put(""key2"", ""value2"");
        assertEquals(2, SetOperationCardinalityHelper.size(map));
    }

    @Test
    void testSize_Collection() {
        Collection<String> collection = Arrays.asList(""element1"", ""element2"", ""element3"");
        assertEquals(3, SetOperationCardinalityHelper.size(collection));
    }

    @Test
    void testSize_Iterable() {
        Iterable<String> iterable = Arrays.asList(""item1"", ""item2"");
        assertEquals(2, SetOperationCardinalityHelper.size(iterable));
    }

    @Test
    void testSize_Array() {
        Object[] array = new Object[]{""a"", ""b"", ""c"", ""d""};
        assertEquals(4, SetOperationCardinalityHelper.size(array));
    }

    @Test
    void testSize_Iterator() {
        Iterator<String> iterator = Arrays.asList(""one"", ""two"", ""three"").iterator();
        assertEquals(3, SetOperationCardinalityHelper.size(iterator));
    }

    @Test
    void testSize_Enumeration() {
        Enumeration<String> enumeration = Collections.enumeration(Arrays.asList(""first"", ""second""));
        assertEquals(2, SetOperationCardinalityHelper.size(enumeration));
    }

    @Test
    void testSize_UnsupportedObjectType() {
        assertThrows(IllegalArgumentException.class, () -> {
            SetOperationCardinalityHelper.size(new Object());
        });
    }

    @Test
    void testSize_ArrayWithIllegalArgument() {
        assertThrows(IllegalArgumentException.class, () -> {
            SetOperationCardinalityHelper.size(new int[]{1, 2, 3});
        });
    }
}
```"
JA-054,java,data-research/java_functions/JA-054.java,"```java
package org.apache.commons.csv;

import org.junit.jupiter.api.Test;
import java.io.IOException;
import static org.junit.jupiter.api.Assertions.*;

public class ExtendedBufferedReaderTest {

    private class MockExtendedBufferedReader extends ExtendedBufferedReader {
        private int[] inputs;
        private int index = 0;

        public MockExtendedBufferedReader(int[] inputs) {
            super(new java.io.StringReader(""""));
            this.inputs = inputs;
        }

        @Override
        public int read() throws IOException {
            if (index < inputs.length) {
                return inputs[index++];
            }
            return EOF; // Simulate end of stream
        }
    }

    @Test
    void testRead_CR() throws IOException {
        MockExtendedBufferedReader reader = new MockExtendedBufferedReader(new int[]{CR});
        assertEquals(CR, reader.read());
    }

    @Test
    void testRead_LF() throws IOException {
        MockExtendedBufferedReader reader = new MockExtendedBufferedReader(new int[]{LF});
        assertEquals(LF, reader.read());
    }

    @Test
    void testRead_EOF() throws IOException {
        MockExtendedBufferedReader reader = new MockExtendedBufferedReader(new int[]{EOF});
        assertEquals(EOF, reader.read());
    }

    @Test
    void testRead_CR_LF() throws IOException {
        MockExtendedBufferedReader reader = new MockExtendedBufferedReader(new int[]{CR, LF});
        assertEquals(CR, reader.read());
        assertEquals(LF, reader.read());
    }

    @Test
    void testRead_NonNewline() throws IOException {
        MockExtendedBufferedReader reader = new MockExtendedBufferedReader(new int[]{'a', 'b', 'c'});
        assertEquals('a', reader.read());
        assertEquals('b', reader.read());
        assertEquals('c', reader.read());
    }

    @Test
    void testRead_MultipleCharacters() throws IOException {
        MockExtendedBufferedReader reader = new MockExtendedBufferedReader(new int[]{'a', CR, 'b', LF, 'c', EOF});
        assertEquals('a', reader.read());
        assertEquals(CR, reader.read());
        assertEquals('b', reader.read());
        assertEquals(LF, reader.read());
        assertEquals('c', reader.read());
        assertEquals(EOF, reader.read());
    }
}
```"
JA-055,java,data-research/java_functions/JA-055.java,"```java
package org.apache.commons.math4.core.jdkmath;

import org.junit.jupiter.api.Test;
import static org.junit.jupiter.api.Assertions.*;

public class AccurateMathTest {
    @Test
    void testSinh_NaN() {
        assertTrue(Double.isNaN(AccurateMath.sinh(Double.NaN)));
    }

    @Test
    void testSinh_PositiveLarge() {
        assertEquals(Double.POSITIVE_INFINITY, AccurateMath.sinh(25), 1e-10);
    }

    @Test
    void testSinh_NegativeLarge() {
        assertEquals(Double.NEGATIVE_INFINITY, AccurateMath.sinh(-25), 1e-10);
    }

    @Test
    void testSinh_Zero() {
        assertEquals(0.0, AccurateMath.sinh(0), 1e-10);
    }

    @Test
    void testSinh_PositiveSmall() {
        assertEquals(0.521095305493747, AccurateMath.sinh(0.5), 1e-10);
    }

    @Test
    void testSinh_NegativeSmall() {
        assertEquals(-0.521095305493747, AccurateMath.sinh(-0.5), 1e-10);
    }

    @Test
    void testSinh_PositiveBoundary() {
        assertEquals(0.5 * Math.exp(0.25), AccurateMath.sinh(0.25), 1e-10);
    }

    @Test
    void testSinh_NegativeBoundary() {
        assertEquals(-0.5 * Math.exp(-0.25), AccurateMath.sinh(-0.25), 1e-10);
    }
}
```"
JA-056,java,data-research/java_functions/JA-056.java,"```java
package com.google.gson;

import static org.junit.jupiter.api.Assertions.*;
import static org.mockito.Mockito.*;

import org.junit.jupiter.api.Test;
import java.io.EOFException;
import java.io.IOException;

public class GsonTest {

    @Test
    void testFromJson_EmptyReader_ReturnsNull() throws IOException {
        JsonReader reader = mock(JsonReader.class);
        when(reader.peek()).thenThrow(new EOFException());
        when(reader.getStrictness()).thenReturn(Strictness.LENIENT);
        
        Gson gson = new Gson();
        assertNull(gson.fromJson(reader, new TypeToken<Object>() {}));
    }

    @Test
    void testFromJson_ValidJson_ReturnsObject() throws IOException {
        JsonReader reader = mock(JsonReader.class);
        TypeAdapter<Object> adapter = mock(TypeAdapter.class);
        when(reader.peek()).thenReturn(JsonToken.BEGIN_OBJECT);
        when(reader.getStrictness()).thenReturn(Strictness.LENIENT);
        when(adapter.read(reader)).thenReturn(new Object());
        
        Gson gson = new Gson();
        when(gson.getAdapter(new TypeToken<Object>() {})).thenReturn(adapter);
        
        Object result = gson.fromJson(reader, new TypeToken<Object>() {});
        assertNotNull(result);
    }

    @Test
    void testFromJson_InvalidType_ThrowsClassCastException() throws IOException {
        JsonReader reader = mock(JsonReader.class);
        TypeAdapter<Number> adapter = mock(TypeAdapter.class);
        when(reader.peek()).thenReturn(JsonToken.BEGIN_OBJECT);
        when(reader.getStrictness()).thenReturn(Strictness.LENIENT);
        when(adapter.read(reader)).thenReturn(""String instead of Number"");
        
        Gson gson = new Gson();
        when(gson.getAdapter(new TypeToken<Number>() {})).thenReturn(adapter);
        
        assertThrows(ClassCastException.class, () -> {
            gson.fromJson(reader, new TypeToken<Number>() {});
        });
    }

    @Test
    void testFromJson_IOException_ThrowsJsonSyntaxException() throws IOException {
        JsonReader reader = mock(JsonReader.class);
        when(reader.peek()).thenThrow(new IOException());
        
        Gson gson = new Gson();
        
        assertThrows(JsonSyntaxException.class, () -> {
            gson.fromJson(reader, new TypeToken<Object>() {});
        });
    }

    @Test
    void testFromJson_IllegalStateException_ThrowsJsonSyntaxException() throws IOException {
        JsonReader reader = mock(JsonReader.class);
        when(reader.peek()).thenReturn(JsonToken.BEGIN_OBJECT);
        TypeAdapter<Object> adapter = mock(TypeAdapter.class);
        when(adapter.read(reader)).thenThrow(new IllegalStateException());
        
        Gson gson = new Gson();
        when(gson.getAdapter(new TypeToken<Object>() {})).thenReturn(adapter);
        
        assertThrows(JsonSyntaxException.class, () -> {
            gson.fromJson(reader, new TypeToken<Object>() {});
        });
    }
}
```"
JA-057,java,data-research/java_functions/JA-057.java,"```java
package org.jfree.chart;

import org.junit.jupiter.api.Test;
import static org.mockito.Mockito.*;

public class StandardChartThemeTest {

    @Test
    void testApplyToTitle_TextTitle() {
        StandardChartTheme theme = new StandardChartTheme();
        TextTitle title = mock(TextTitle.class);
        theme.largeFont = mock(Font.class);
        theme.subtitlePaint = mock(Paint.class);
        
        theme.applyToTitle(title);
        
        verify(title).setFont(theme.largeFont);
        verify(title).setPaint(theme.subtitlePaint);
    }

    @Test
    void testApplyToTitle_LegendTitle_WithBackgroundPaint() {
        StandardChartTheme theme = new StandardChartTheme();
        LegendTitle title = mock(LegendTitle.class);
        theme.legendBackgroundPaint = mock(Paint.class);
        theme.regularFont = mock(Font.class);
        theme.legendItemPaint = mock(Paint.class);
        
        when(title.getBackgroundPaint()).thenReturn(mock(Paint.class));
        theme.applyToTitle(title);
        
        verify(title).setBackgroundPaint(theme.legendBackgroundPaint);
        verify(title).setItemFont(theme.regularFont);
        verify(title).setItemPaint(theme.legendItemPaint);
    }

    @Test
    void testApplyToTitle_LegendTitle_WithoutBackgroundPaint() {
        StandardChartTheme theme = new StandardChartTheme();
        LegendTitle title = mock(LegendTitle.class);
        theme.regularFont = mock(Font.class);
        theme.legendItemPaint = mock(Paint.class);
        
        when(title.getBackgroundPaint()).thenReturn(null);
        theme.applyToTitle(title);
        
        verify(title, never()).setBackgroundPaint(any());
        verify(title).setItemFont(theme.regularFont);
        verify(title).setItemPaint(theme.legendItemPaint);
    }

    @Test
    void testApplyToTitle_PaintScaleLegend_WithAxis() {
        StandardChartTheme theme = new StandardChartTheme();
        PaintScaleLegend title = mock(PaintScaleLegend.class);
        theme.legendBackgroundPaint = mock(Paint.class);
        
        when(title.getAxis()).thenReturn(mock(ValueAxis.class));
        theme.applyToTitle(title);
        
        verify(title).setBackgroundPaint(theme.legendBackgroundPaint);
        verify(title.getAxis()).setBackgroundPaint(any());
    }

    @Test
    void testApplyToTitle_PaintScaleLegend_WithoutAxis() {
        StandardChartTheme theme = new StandardChartTheme();
        PaintScaleLegend title = mock(PaintScaleLegend.class);
        theme.legendBackgroundPaint = mock(Paint.class);
        
        when(title.getAxis()).thenReturn(null);
        theme.applyToTitle(title);
        
        verify(title).setBackgroundPaint(theme.legendBackgroundPaint);
        verify(title.getAxis(), never()).setBackgroundPaint(any());
    }

    @Test
    void testApplyToTitle_CompositeTitle() {
        StandardChartTheme theme = new StandardChartTheme();
        CompositeTitle title = mock(CompositeTitle.class);
        BlockContainer container = mock(BlockContainer.class);
        Block block = mock(TextTitle.class);
        
        when(title.getContainer()).thenReturn(container);
        when(container.getBlocks()).thenReturn(new Block[]{block});
        
        theme.applyToTitle(title);
        
        verify(theme).applyToTitle(block);
    }
}
```"
JA-058,java,data-research/java_functions/JA-058.java,"```java
package org.jsoup.helper;

import org.junit.jupiter.api.Test;
import org.mockito.Mockito;

import java.io.BufferedWriter;
import java.io.ByteArrayOutputStream;
import java.io.IOException;
import java.io.InputStream;
import java.io.OutputStream;
import java.io.OutputStreamWriter;
import java.util.ArrayList;
import java.util.Collection;

import static org.junit.jupiter.api.Assertions.assertEquals;

public class HttpConnectionTest {

    @Test
    void testImplWritePost_MultipartWithInputStream() throws IOException {
        HttpConnection.Request req = Mockito.mock(HttpConnection.Request.class);
        BufferedWriter writer = new BufferedWriter(new OutputStreamWriter(new ByteArrayOutputStream()));
        ByteArrayOutputStream outputStream = new ByteArrayOutputStream();

        Collection<Connection.KeyVal> data = new ArrayList<>();
        Connection.KeyVal keyVal = Mockito.mock(Connection.KeyVal.class);
        Mockito.when(keyVal.key()).thenReturn(""file"");
        Mockito.when(keyVal.value()).thenReturn(""test.txt"");
        Mockito.when(keyVal.inputStream()).thenReturn(Mockito.mock(InputStream.class));
        Mockito.when(keyVal.contentType()).thenReturn(""text/plain"");
        data.add(keyVal);

        Mockito.when(req.data()).thenReturn(data);
        Mockito.when(req.mimeBoundary).thenReturn(""boundary"");

        HttpConnection.implWritePost(req, writer, outputStream);

        // Add assertions to verify the output
        String expectedOutput = ""--boundary\r\n"" +
                ""Content-Disposition: form-data; name=\""file\""; filename=\""test.txt\""\r\n"" +
                ""Content-Type: text/plain\r\n\r\n"" +
                // Here we would need to verify the content of the InputStream
                ""\r\n--boundary--"";
        assertEquals(expectedOutput, outputStream.toString());
    }

    @Test
    void testImplWritePost_SingleBodyString() throws IOException {
        HttpConnection.Request req = Mockito.mock(HttpConnection.Request.class);
        BufferedWriter writer = new BufferedWriter(new OutputStreamWriter(new ByteArrayOutputStream()));
        ByteArrayOutputStream outputStream = new ByteArrayOutputStream();

        Mockito.when(req.body()).thenReturn(""test body"");

        HttpConnection.implWritePost(req, writer, outputStream);

        // Add assertions to verify the output
        assertEquals(""test body"", outputStream.toString());
    }

    @Test
    void testImplWritePost_RegularFormData() throws IOException {
        HttpConnection.Request req = Mockito.mock(HttpConnection.Request.class);
        BufferedWriter writer = new BufferedWriter(new OutputStreamWriter(new ByteArrayOutputStream()));
        ByteArrayOutputStream outputStream = new ByteArrayOutputStream();

        Collection<Connection.KeyVal> data = new ArrayList<>();
        data.add(Connection.KeyVal.create(""key1"", ""value1""));
        data.add(Connection.KeyVal.create(""key2"", ""value2""));

        Mockito.when(req.data()).thenReturn(data);
        Mockito.when(req.postDataCharset()).thenReturn(""UTF-8"");

        HttpConnection.implWritePost(req, writer, outputStream);

        // Add assertions to verify the output
        String expectedOutput = ""key1=value1&key2=value2"";
        assertEquals(expectedOutput, outputStream.toString());
    }

    @Test
    void testImplWritePost_ThrowsIllegalStateException() {
        HttpConnection.Request req = Mockito.mock(HttpConnection.Request.class);
        Mockito.when(req.body()).thenReturn(new Object()); // Invalid body type

        Exception exception = assertThrows(IllegalStateException.class, () -> {
            HttpConnection.implWritePost(req, null, null);
        });

        assertEquals(""Unexpected body type"", exception.getMessage());
    }
}
```"
JA-059,java,data-research/java_functions/JA-059.java,"```java
package org.joda.time;

import org.junit.jupiter.api.Test;
import static org.junit.jupiter.api.Assertions.*;

public class IntervalTest {
    
    @Test
    void testParseWithOffset_ValidStartAndEnd() {
        Interval interval = Interval.parseWithOffset(""2023-01-01T00:00:00Z/2023-01-02T00:00:00Z"");
        assertNotNull(interval);
    }

    @Test
    void testParseWithOffset_ValidPeriodAndEnd() {
        Interval interval = Interval.parseWithOffset(""P1D/2023-01-02T00:00:00Z"");
        assertNotNull(interval);
    }

    @Test
    void testParseWithOffset_ValidStartAndPeriod() {
        Interval interval = Interval.parseWithOffset(""2023-01-01T00:00:00Z/P1D"");
        assertNotNull(interval);
    }

    @Test
    void testParseWithOffset_InvalidFormat_NoSeparator() {
        Exception exception = assertThrows(IllegalArgumentException.class, () -> {
            Interval.parseWithOffset(""2023-01-01T00:00:00Z2023-01-02T00:00:00Z"");
        });
        assertEquals(""Format requires a '/' separator: 2023-01-01T00:00:00Z2023-01-02T00:00:00Z"", exception.getMessage());
    }

    @Test
    void testParseWithOffset_InvalidFormat_EmptyLeft() {
        Exception exception = assertThrows(IllegalArgumentException.class, () -> {
            Interval.parseWithOffset(""/2023-01-02T00:00:00Z"");
        });
        assertEquals(""Format invalid: /2023-01-02T00:00:00Z"", exception.getMessage());
    }

    @Test
    void testParseWithOffset_InvalidFormat_EmptyRight() {
        Exception exception = assertThrows(IllegalArgumentException.class, () -> {
            Interval.parseWithOffset(""2023-01-01T00:00:00Z/"");
        });
        assertEquals(""Format invalid: 2023-01-01T00:00:00Z/"", exception.getMessage());
    }

    @Test
    void testParseWithOffset_TwoDurations() {
        Exception exception = assertThrows(IllegalArgumentException.class, () -> {
            Interval.parseWithOffset(""P1D/P2D"");
        });
        assertEquals(""Interval composed of two durations: P1D/P2D"", exception.getMessage());
    }
}
```"
JA-060,java,data-research/java_functions/JA-060.java,"```java
package org.apache.commons.cli;

import org.junit.jupiter.api.Test;
import static org.junit.jupiter.api.Assertions.*;

public class PatternOptionBuilderTest {
    @Test
    void testIsValueCode_AtSymbol() {
        assertTrue(PatternOptionBuilder.isValueCode('@'));
    }

    @Test
    void testIsValueCode_Colon() {
        assertTrue(PatternOptionBuilder.isValueCode(':'));
    }

    @Test
    void testIsValueCode_Percent() {
        assertTrue(PatternOptionBuilder.isValueCode('%'));
    }

    @Test
    void testIsValueCode_Plus() {
        assertTrue(PatternOptionBuilder.isValueCode('+'));
    }

    @Test
    void testIsValueCode_Hash() {
        assertTrue(PatternOptionBuilder.isValueCode('#'));
    }

    @Test
    void testIsValueCode_LessThan() {
        assertTrue(PatternOptionBuilder.isValueCode('<'));
    }

    @Test
    void testIsValueCode_GreaterThan() {
        assertTrue(PatternOptionBuilder.isValueCode('>'));
    }

    @Test
    void testIsValueCode_Asterisk() {
        assertTrue(PatternOptionBuilder.isValueCode('*'));
    }

    @Test
    void testIsValueCode_Slash() {
        assertTrue(PatternOptionBuilder.isValueCode('/'));
    }

    @Test
    void testIsValueCode_Exclamation() {
        assertTrue(PatternOptionBuilder.isValueCode('!'));
    }

    @Test
    void testIsValueCode_UnknownCharacter() {
        assertFalse(PatternOptionBuilder.isValueCode('a'));
    }
}
```"
PY-001,python,data-research/python_functions/PY-001.py,"```python
import pytest
from flask import Flask, Request
from werkzeug.exceptions import RequestRedirect
from flask.app import raise_routing_exception

class TestApp:
    def setup_method(self):
        self.app = Flask(__name__)
        self.app.debug = True

    def test_raise_routing_exception_not_debug(self):
        self.app.debug = False
        request = Request(environ={'REQUEST_METHOD': 'POST'})
        request.routing_exception = RequestRedirect('http://example.com', 301)
        
        with pytest.raises(RequestRedirect):
            raise_routing_exception(self.app, request)

    def test_raise_routing_exception_redirect_307(self):
        request = Request(environ={'REQUEST_METHOD': 'POST'})
        request.routing_exception = RequestRedirect('http://example.com', 307)
        
        with pytest.raises(RequestRedirect):
            raise_routing_exception(self.app, request)

    def test_raise_routing_exception_redirect_308(self):
        request = Request(environ={'REQUEST_METHOD': 'POST'})
        request.routing_exception = RequestRedirect('http://example.com', 308)
        
        with pytest.raises(RequestRedirect):
            raise_routing_exception(self.app, request)

    def test_raise_routing_exception_get_method(self):
        request = Request(environ={'REQUEST_METHOD': 'GET'})
        request.routing_exception = RequestRedirect('http://example.com', 301)
        
        with pytest.raises(RequestRedirect):
            raise_routing_exception(self.app, request)

    def test_raise_routing_exception_head_method(self):
        request = Request(environ={'REQUEST_METHOD': 'HEAD'})
        request.routing_exception = RequestRedirect('http://example.com', 301)
        
        with pytest.raises(RequestRedirect):
            raise_routing_exception(self.app, request)

    def test_raise_routing_exception_options_method(self):
        request = Request(environ={'REQUEST_METHOD': 'OPTIONS'})
        request.routing_exception = RequestRedirect('http://example.com', 301)
        
        with pytest.raises(RequestRedirect):
            raise_routing_exception(self.app, request)

    def test_raise_routing_exception_valid_case(self):
        request = Request(environ={'REQUEST_METHOD': 'POST'})
        request.routing_exception = RequestRedirect('http://example.com', 301)
        
        # Simulate the condition where FormDataRoutingRedirect would be raised
        self.app.debug = True
        with pytest.raises(FormDataRoutingRedirect):
            raise_routing_exception(self.app, request)
```"
PY-002,python,data-research/python_functions/PY-002.py,"```python
import pytest
from flask import Flask, g
from flask.app import update_template_context

@pytest.fixture
def app():
    app = Flask(__name__)
    app.template_context_processors = {
        None: [lambda: {'key1': 'value1'}],
        'blueprint1': [lambda: {'key2': 'value2'}]
    }
    return app

@pytest.fixture
def ctx(app):
    class MockContext:
        def __init__(self, has_request, blueprints):
            self.has_request = has_request
            self.request = type('Request', (object,), {'blueprints': blueprints})

    return MockContext(True, ['blueprint1'])

def test_update_template_context_with_request(app, ctx):
    context = {}
    update_template_context(app, ctx, context)
    assert context['key1'] == 'value1'
    assert context['key2'] == 'value2'

def test_update_template_context_without_request(app):
    context = {}
    ctx = type('MockContext', (object,), {'has_request': False})
    update_template_context(app, ctx, context)
    assert context == {}

def test_update_template_context_with_existing_keys(app, ctx):
    context = {'key1': 'existing_value'}
    update_template_context(app, ctx, context)
    assert context['key1'] == 'existing_value'
    assert context['key2'] == 'value2'
```"
PY-003,python,data-research/python_functions/PY-003.py,"```python
import pytest
from flask import Flask, Request, Response
from flask.app import full_dispatch_request

@pytest.fixture
def app():
    app = Flask(__name__)
    return app

def test_full_dispatch_request_first_request(app):
    with app.app_context():
        app._got_first_request = False
        app.should_ignore_error = None
        response = full_dispatch_request(app, app.app_context())
        assert response is not None

def test_full_dispatch_request_ignore_error(app):
    with app.app_context():
        app._got_first_request = False
        app.should_ignore_error = True
        response = full_dispatch_request(app, app.app_context())
        assert response is not None

def test_full_dispatch_request_exception_handling(app):
    with app.app_context():
        app._got_first_request = False
        app.should_ignore_error = None
        
        # Mocking the methods to raise an exception
        app.preprocess_request = lambda ctx: None
        app.dispatch_request = lambda ctx: (_ for _ in ()).throw(Exception(""Test Exception""))
        
        response = full_dispatch_request(app, app.app_context())
        assert response is not None

def test_full_dispatch_request_no_preprocess(app):
    with app.app_context():
        app._got_first_request = False
        app.should_ignore_error = None
        
        # Mocking the methods
        app.preprocess_request = lambda ctx: None
        app.dispatch_request = lambda ctx: Response(""Hello, World!"")
        
        response = full_dispatch_request(app, app.app_context())
        assert response.data == b""Hello, World!""
```"
PY-004,python,data-research/python_functions/PY-004.py,"```python
import pytest
from flask.cli import locate_app
from flask import Flask

class NoAppException(Exception):
    pass

def find_best_app(module):
    return Flask(__name__)

def find_app_by_string(module, app_name):
    if app_name == ""my_app"":
        return Flask(app_name)
    raise NoAppException(f""App '{app_name}' not found."")

def test_locate_app_import_error():
    with pytest.raises(NoAppException, match=""Could not import 'non_existent_module'.""):
        locate_app(""non_existent_module"", None)

def test_locate_app_import_error_with_trace():
    with pytest.raises(NoAppException) as excinfo:
        locate_app(""non_existent_module"", None)
    assert ""While importing 'non_existent_module'"" in str(excinfo.value)

def test_locate_app_no_app_name():
    app = locate_app(__name__, None)
    assert isinstance(app, Flask)

def test_locate_app_with_valid_app_name():
    app = locate_app(__name__, ""my_app"")
    assert isinstance(app, Flask)
    assert app.name == ""my_app""

def test_locate_app_with_invalid_app_name():
    with pytest.raises(NoAppException, match=""App 'invalid_app' not found.""):
        locate_app(__name__, ""invalid_app"")
```"
PY-005,python,data-research/python_functions/PY-005.py,"```python
import pytest
from flask.cli import _env_file_callback
import click

class MockContext:
    def __init__(self, load_dotenv_defaults=False):
        self.obj = type('obj', (object,), {'load_dotenv_defaults': load_dotenv_defaults})

@pytest.fixture
def mock_context():
    return MockContext()

def test_env_file_callback_with_value(mock_context):
    result = _env_file_callback(mock_context, click.Option(param_decls=['--env-file']), 'test.env')
    assert result == 'test.env'

def test_env_file_callback_without_value(mock_context):
    result = _env_file_callback(mock_context, click.Option(param_decls=['--env-file']), None)
    assert result is None

def test_env_file_callback_with_load_defaults(mock_context):
    mock_context = MockContext(load_dotenv_defaults=True)
    result = _env_file_callback(mock_context, click.Option(param_decls=['--env-file']), None)
    assert result is None

def test_env_file_callback_import_error(mock_context):
    with pytest.raises(click.BadParameter, match=""python-dotenv must be installed to load an env file.""):
        _env_file_callback(mock_context, click.Option(param_decls=['--env-file']), 'test.env')
```"
PY-006,python,data-research/python_functions/PY-006.py,"```python
import pytest
from flask.cli import __init__

def test_init_with_default_commands():
    instance = __init__(add_default_commands=True)
    assert instance.add_command.call_count == 3  # Assuming 3 commands are added

def test_init_without_default_commands():
    instance = __init__(add_default_commands=False)
    assert instance.add_command.call_count == 0

def test_init_with_custom_context_settings():
    instance = __init__(context_settings={'key': 'value'})
    assert instance.context_settings['key'] == 'value'

def test_init_with_auto_envvar_prefix():
    instance = __init__()
    assert instance.context_settings['auto_envvar_prefix'] == 'FLASK'

def test_init_with_version_option():
    instance = __init__(add_version_option=True)
    assert version_option in instance.params

def test_init_without_version_option():
    instance = __init__(add_version_option=False)
    assert version_option not in instance.params

def test_init_with_env_file_option():
    instance = __init__(params=[_env_file_option])
    assert _env_file_option in instance.params

def test_init_with_app_option():
    instance = __init__(params=[_app_option])
    assert _app_option in instance.params

def test_init_with_debug_option():
    instance = __init__(params=[_debug_option])
    assert _debug_option in instance.params
```"
PY-007,python,data-research/python_functions/PY-007.py,"```python
import pytest
from flask.cli import ScriptInfo, NoAppException, get_command
from unittest.mock import MagicMock

@pytest.fixture
def mock_context():
    ctx = MagicMock(spec=click.Context)
    ctx.ensure_object.return_value = MagicMock(spec=ScriptInfo)
    return ctx

def test_get_command_existing_command(mock_context):
    mock_context.ensure_object().load_app.return_value.cli.get_command.return_value = MagicMock()
    command = get_command(mock_context, 'existing_command')
    assert command is not None

def test_get_command_non_existing_command(mock_context):
    mock_context.ensure_object().load_app.return_value.cli.get_command.return_value = None
    command = get_command(mock_context, 'non_existing_command')
    assert command is None

def test_get_command_no_app_exception(mock_context):
    mock_context.ensure_object().load_app.side_effect = NoAppException(""No application found"")
    with pytest.raises(SystemExit):
        command = get_command(mock_context, 'any_command')
    mock_context.ensure_object().load_app.assert_called_once()

def test_get_command_app_context(mock_context):
    mock_app = MagicMock()
    mock_context.ensure_object().load_app.return_value = mock_app
    mock_app.cli.get_command.return_value = MagicMock()
    
    command = get_command(mock_context, 'command_with_app_context')
    assert command is not None
    mock_context.with_resource.assert_called_once_with(mock_app.app_context())
```"
PY-008,python,data-research/python_functions/PY-008.py,"```python
import pytest
from flask.cli import parse_args
from unittest.mock import MagicMock

class MockContext:
    def __init__(self):
        self.help_option_names = ['--help']

    def get_help_option_names(self):
        return self.help_option_names

def test_parse_args_no_args_is_help():
    ctx = MockContext()
    mock_self = MagicMock()
    mock_self.no_args_is_help = True
    mock_self.get_help_option_names = ctx.get_help_option_names
    args = []
    
    result = parse_args(mock_self, ctx, args)
    
    assert result == []

def test_parse_args_single_help_arg():
    ctx = MockContext()
    mock_self = MagicMock()
    mock_self.no_args_is_help = False
    mock_self.get_help_option_names = ctx.get_help_option_names
    args = ['--help']
    
    result = parse_args(mock_self, ctx, args)
    
    assert result == []

def test_parse_args_with_other_args():
    ctx = MockContext()
    mock_self = MagicMock()
    mock_self.no_args_is_help = False
    mock_self.get_help_option_names = ctx.get_help_option_names
    args = ['arg1', 'arg2']
    
    result = parse_args(mock_self, ctx, args)
    
    assert result == ['arg1', 'arg2']
```"
PY-009,python,data-research/python_functions/PY-009.py,"```python
import pytest
from flask.cli import run_command
from unittest.mock import MagicMock, patch

@pytest.fixture
def mock_script_info():
    mock_info = MagicMock()
    mock_info.load_app.return_value = MagicMock()
    return mock_info

def test_run_command_success(mock_script_info):
    run_command(mock_script_info, '127.0.0.1', 5000, False, False, False, None, None, None)

def test_run_command_with_reload(mock_script_info):
    run_command(mock_script_info, '127.0.0.1', 5000, True, False, False, None, None, None)

def test_run_command_with_debugger(mock_script_info):
    run_command(mock_script_info, '127.0.0.1', 5000, False, True, False, None, None, None)

def test_run_command_with_ssl(mock_script_info):
    cert = ('cert.pem', 'key.pem')
    run_command(mock_script_info, '127.0.0.1', 5000, False, False, False, cert, None, None)

def test_run_command_load_app_exception(mock_script_info):
    mock_script_info.load_app.side_effect = Exception(""App loading failed"")
    with pytest.raises(Exception, match=""App loading failed""):
        run_command(mock_script_info, '127.0.0.1', 5000, False, False, False, None, None, None)

def test_run_command_reload_exception(mock_script_info):
    mock_script_info.load_app.side_effect = Exception(""App loading failed"")
    with patch('flask.cli.is_running_from_reloader', return_value=True):
        with pytest.raises(Exception, match=""App loading failed""):
            run_command(mock_script_info, '127.0.0.1', 5000, False, False, False, None, None, None)
```"
PY-010,python,data-research/python_functions/PY-010.py,"```python
import os
import pytest
from flask import Flask, current_app
from flask.cli import shell_command

@pytest.fixture
def app():
    app = Flask(__name__)
    app.config['TESTING'] = True
    with app.app_context():
        yield app

def test_shell_command_no_startup(app, monkeypatch):
    monkeypatch.setattr(os, 'environ', {})
    with pytest.raises(SystemExit):
        shell_command()

def test_shell_command_with_startup(app, monkeypatch):
    startup_script = 'test_startup.py'
    with open(startup_script, 'w') as f:
        f.write('print(""Startup script executed"")')
    
    monkeypatch.setattr(os, 'environ', {'PYTHONSTARTUP': startup_script})
    monkeypatch.setattr(os.path, 'isfile', lambda x: x == startup_script)
    monkeypatch.setattr(builtins, 'eval', lambda x, ctx: None)  # Mock eval to prevent execution

    with app.app_context():
        shell_command()

    os.remove(startup_script)

def test_shell_command_with_interactive_hook(app, monkeypatch):
    monkeypatch.setattr(os, 'environ', {})
    monkeypatch.setattr(sys, '__interactivehook__', lambda: None)

    with app.app_context():
        shell_command()
```"
PY-011,python,data-research/python_functions/PY-011.py,"```python
import pytest
from flask import Flask, request
from flask.app import AppContext, handle_exception
from werkzeug.exceptions import InternalServerError

app = Flask(__name__)

@app.errorhandler(InternalServerError)
def handle_internal_error(e):
    return ""Internal Server Error"", 500

def test_handle_exception_propagate():
    with app.app_context():
        with pytest.raises(Exception) as excinfo:
            handle_exception(app, AppContext(), Exception(""Test Exception""))
        assert str(excinfo.value) == ""Test Exception""

def test_handle_exception_no_propagate():
    app.config[""PROPAGATE_EXCEPTIONS""] = False
    with app.app_context():
        response = handle_exception(app, AppContext(), Exception(""Test Exception""))
        assert response.status_code == 500
        assert response.data.decode() == ""Internal Server Error""

def test_handle_exception_with_custom_handler():
    @app.errorhandler(InternalServerError)
    def custom_handler(e):
        return ""Custom Error Handler"", 500

    with app.app_context():
        response = handle_exception(app, AppContext(), Exception(""Test Exception""))
        assert response.status_code == 500
        assert response.data.decode() == ""Custom Error Handler""
```"
PY-012,python,data-research/python_functions/PY-012.py,"```python
import pytest
from flask import Flask, Response
from flask.app import AppContext

@pytest.fixture
def app():
    app = Flask(__name__)

    @app.after_request
    def after_request_func(response):
        response.headers['X-After-Request'] = 'Processed'
        return response

    return app

def test_process_response_with_after_request(app):
    with app.app_context():
        ctx = AppContext(app)
        response = Response(""Hello World"")
        ctx._after_request_functions.append(app.after_request_funcs[None][0])
        processed_response = app.process_response(ctx, response)
        assert processed_response.headers['X-After-Request'] == 'Processed'

def test_process_response_with_blueprint_after_request(app):
    with app.app_context():
        @app.route('/test')
        def test_route():
            return ""Test""

        @app.after_request
        def blueprint_after_request(response):
            response.headers['X-Blueprint'] = 'Processed'
            return response

        app.register_blueprint(app.blueprint, url_prefix='/test')
        response = app.test_client().get('/test')
        processed_response = app.process_response(app.app_context(), response)
        assert processed_response.headers['X-Blueprint'] == 'Processed'

def test_process_response_with_session(app):
    with app.app_context():
        ctx = AppContext(app)
        response = Response(""Hello World"")
        ctx._get_session = lambda: {}
        app.session_interface.is_null_session = lambda session: False
        app.session_interface.save_session = lambda self, session, response: response.headers.update({'X-Session': 'Saved'})
        processed_response = app.process_response(ctx, response)
        assert processed_response.headers['X-Session'] == 'Saved'
```"
PY-013,python,data-research/python_functions/PY-013.py,"```python
import os
import sys
import pytest
from flask.cli import prepare_import

def test_prepare_import_with_python_file():
    path = ""/some/directory/module.py""
    expected = ""module""
    assert prepare_import(path) == expected

def test_prepare_import_with_init_file():
    path = ""/some/directory/__init__.py""
    expected = ""some.directory""
    assert prepare_import(path) == expected

def test_prepare_import_with_nested_module():
    path = ""/some/directory/subdirectory/module.py""
    expected = ""subdirectory.module""
    assert prepare_import(path) == expected

def test_prepare_import_with_non_python_file():
    path = ""/some/directory/module.txt""
    expected = ""module""
    assert prepare_import(path) == expected

def test_prepare_import_with_non_existent_path():
    path = ""/non/existent/path/module.py""
    expected = ""module""
    assert prepare_import(path) == expected

def test_prepare_import_with_empty_path():
    path = """"
    with pytest.raises(ValueError):
        prepare_import(path)

def test_prepare_import_with_relative_path():
    path = ""./module.py""
    expected = ""module""
    assert prepare_import(path) == expected

def test_prepare_import_with_absolute_path():
    path = os.path.abspath(""module.py"")
    expected = ""module""
    assert prepare_import(path) == expected
```"
PY-014,python,data-research/python_functions/PY-014.py,"```python
import pytest
from flask.cli import convert
from unittest.mock import Mock
import click

class MockSelf:
    def path_type(self, value, param, ctx):
        if value == ""valid_path"":
            return ""valid_path_object""
        raise click.BadParameter()

def test_convert_valid_path():
    mock_self = MockSelf()
    result = convert(mock_self, ""valid_path"", None, None)
    assert result == ""valid_path_object""

def test_convert_invalid_path():
    mock_self = MockSelf()
    with pytest.raises(click.BadParameter):
        convert(mock_self, ""invalid_path"", None, None)

def test_convert_adhoc_certificates():
    mock_self = MockSelf()
    result = convert(mock_self, ""adhoc"", None, None)
    assert result == ""adhoc""

def test_convert_ssl_context():
    mock_self = MockSelf()
    ssl_context = Mock()  # Mocking SSLContext
    mock_self.path_type = Mock(return_value=ssl_context)
    result = convert(mock_self, ""valid_path"", None, None)
    assert result == ssl_context

def test_convert_import_error_ssl():
    mock_self = MockSelf()
    with pytest.raises(click.BadParameter):
        convert(mock_self, ""invalid_path"", None, None)

def test_convert_import_error_cryptography():
    mock_self = MockSelf()
    with pytest.raises(click.BadParameter):
        convert(mock_self, ""adhoc"", None, None)
```"
PY-015,python,data-research/python_functions/PY-015.py,"```python
import pytest
from flask import Flask, session
from flask.helpers import get_flashed_messages

app = Flask(__name__)
app.secret_key = 'test_secret'

@pytest.fixture
def client():
    with app.test_client() as client:
        yield client

def test_get_flashed_messages_no_flashes(client):
    with client:
        messages = get_flashed_messages()
        assert messages == []

def test_get_flashed_messages_with_flashes(client):
    with client:
        session['_flashes'] = [('info', 'Test message 1'), ('warning', 'Test message 2')]
        messages = get_flashed_messages()
        assert messages == ['Test message 1', 'Test message 2']

def test_get_flashed_messages_with_categories(client):
    with client:
        session['_flashes'] = [('info', 'Test message 1'), ('warning', 'Test message 2')]
        messages = get_flashed_messages(with_categories=True)
        assert messages == [('info', 'Test message 1'), ('warning', 'Test message 2')]

def test_get_flashed_messages_with_category_filter(client):
    with client:
        session['_flashes'] = [('info', 'Test message 1'), ('warning', 'Test message 2')]
        messages = get_flashed_messages(category_filter=['info'])
        assert messages == [('info', 'Test message 1')]

def test_get_flashed_messages_with_category_filter_no_match(client):
    with client:
        session['_flashes'] = [('info', 'Test message 1'), ('warning', 'Test message 2')]
        messages = get_flashed_messages(category_filter=['error'])
        assert messages == []

def test_get_flashed_messages_with_categories_and_filter(client):
    with client:
        session['_flashes'] = [('info', 'Test message 1'), ('warning', 'Test message 2')]
        messages = get_flashed_messages(with_categories=True, category_filter=['info'])
        assert messages == [('info', 'Test message 1')]
```"
PY-016,python,data-research/python_functions/PY-016.py,"```python
import pytest
from flask.json.provider import _default
from datetime import date
import decimal
import uuid
import dataclasses

@dataclasses.dataclass
class TestDataClass:
    name: str
    value: int

def test_default_date():
    assert _default(date(2023, 10, 1)) == ""Sun, 01 Oct 2023 00:00:00 GMT""

def test_default_decimal():
    assert _default(decimal.Decimal('10.5')) == '10.5'

def test_default_uuid():
    test_uuid = uuid.uuid4()
    assert _default(test_uuid) == str(test_uuid)

def test_default_dataclass():
    test_instance = TestDataClass(name=""Test"", value=42)
    assert _default(test_instance) == {'name': 'Test', 'value': 42}

def test_default_html_compatible():
    class HtmlCompatible:
        def __html__(self):
            return ""<div>HTML Content</div>""
    
    html_instance = HtmlCompatible()
    assert _default(html_instance) == ""<div>HTML Content</div>""

def test_default_type_error():
    with pytest.raises(TypeError, match=""Object of type""):
        _default(object())
```"
PY-017,python,data-research/python_functions/PY-017.py,"```python
import pytest
from flask.sansio.app import App  # Assuming App is the class containing trap_http_exception
from werkzeug.exceptions import BadRequest, BadRequestKeyError

@pytest.fixture
def app_with_trap_http_exceptions():
    app = App()
    app.config[""TRAP_HTTP_EXCEPTIONS""] = True
    return app

@pytest.fixture
def app_with_trap_bad_request_errors():
    app = App()
    app.config[""TRAP_HTTP_EXCEPTIONS""] = False
    app.config[""TRAP_BAD_REQUEST_ERRORS""] = True
    return app

@pytest.fixture
def app_with_debug_mode():
    app = App()
    app.config[""TRAP_HTTP_EXCEPTIONS""] = False
    app.config[""TRAP_BAD_REQUEST_ERRORS""] = None
    app.debug = True
    return app

def test_trap_http_exception_true(app_with_trap_http_exceptions):
    assert app_with_trap_http_exceptions.trap_http_exception(Exception(""Test"")) is True

def test_trap_http_exception_false(app_with_trap_http_exceptions):
    app_with_trap_http_exceptions.config[""TRAP_HTTP_EXCEPTIONS""] = False
    assert app_with_trap_http_exceptions.trap_http_exception(Exception(""Test"")) is False

def test_trap_bad_request_error(app_with_trap_bad_request_errors):
    assert app_with_trap_bad_request_errors.trap_http_exception(BadRequest(""Bad Request"")) is True

def test_trap_key_error_in_debug_mode(app_with_debug_mode):
    assert app_with_debug_mode.trap_http_exception(BadRequestKeyError(""Key Error"")) is True

def test_dont_trap_other_exceptions(app_with_debug_mode):
    assert app_with_debug_mode.trap_http_exception(Exception(""Some other exception"")) is False
```"
PY-018,python,data-research/python_functions/PY-018.py,"```python
import pytest
from flask import Flask, Blueprint
from flask.sansio.blueprints import _merge_blueprint_funcs

@pytest.fixture
def app():
    app = Flask(__name__)
    return app

@pytest.fixture
def blueprint():
    bp = Blueprint('test_blueprint', __name__)
    return bp

def test_merge_blueprint_funcs_no_error_handlers(app, blueprint):
    blueprint.error_handler_spec = {}
    blueprint.view_functions = {'test_view': lambda: 'test'}
    
    _merge_blueprint_funcs(blueprint, app, 'test_blueprint')
    
    assert 'test_blueprint.test_view' in app.view_functions
    assert app.error_handler_spec == {}

def test_merge_blueprint_funcs_with_error_handlers(app, blueprint):
    blueprint.error_handler_spec = {
        None: {404: {Exception: lambda e: 'not found'}}
    }
    blueprint.view_functions = {'test_view': lambda: 'test'}
    
    _merge_blueprint_funcs(blueprint, app, 'test_blueprint')
    
    assert 'test_blueprint.test_view' in app.view_functions
    assert 'test_blueprint' in app.error_handler_spec
    assert 404 in app.error_handler_spec['test_blueprint']
    assert Exception in app.error_handler_spec['test_blueprint'][404]

def test_merge_blueprint_funcs_with_before_request_funcs(app, blueprint):
    blueprint.before_request_funcs = {None: [lambda: 'before']}
    app.before_request_funcs = {None: []}
    
    _merge_blueprint_funcs(blueprint, app, 'test_blueprint')
    
    assert len(app.before_request_funcs[None]) == 1

def test_merge_blueprint_funcs_with_after_request_funcs(app, blueprint):
    blueprint.after_request_funcs = {None: [lambda response: response]}
    app.after_request_funcs = {None: []}
    
    _merge_blueprint_funcs(blueprint, app, 'test_blueprint')
    
    assert len(app.after_request_funcs[None]) == 1

def test_merge_blueprint_funcs_with_teardown_request_funcs(app, blueprint):
    blueprint.teardown_request_funcs = {None: [lambda exc: None]}
    app.teardown_request_funcs = {None: []}
    
    _merge_blueprint_funcs(blueprint, app, 'test_blueprint')
    
    assert len(app.teardown_request_funcs[None]) == 1

def test_merge_blueprint_funcs_with_url_default_functions(app, blueprint):
    blueprint.url_default_functions = {None: [lambda: 'default']}
    app.url_default_functions = {None: []}
    
    _merge_blueprint_funcs(blueprint, app, 'test_blueprint')
    
    assert len(app.url_default_functions[None]) == 1

def test_merge_blueprint_funcs_with_url_value_preprocessors(app, blueprint):
    blueprint.url_value_preprocessors = {None: [lambda value: value]}
    app.url_value_preprocessors = {None: []}
    
    _merge_blueprint_funcs(blueprint, app, 'test_blueprint')
    
    assert len(app.url_value_preprocessors[None]) == 1

def test_merge_blueprint_funcs_with_template_context_processors(app, blueprint):
    blueprint.template_context_processors = {None: [lambda: {'key': 'value'}]}
    app.template_context_processors = {None: []}
    
    _merge_blueprint_funcs(blueprint, app, 'test_blueprint')
    
    assert len(app.template_context_processors[None]) == 1
```"
PY-019,python,data-research/python_functions/PY-019.py,"```python
import pytest
from flask.sansio.blueprints import Blueprint

@pytest.fixture
def blueprint():
    return Blueprint(""test_blueprint"", __name__)

def test_add_url_rule_valid(blueprint):
    blueprint.add_url_rule(""/test"", ""test_endpoint"", lambda: ""test"")

def test_add_url_rule_invalid_endpoint(blueprint):
    with pytest.raises(ValueError, match=""'endpoint' may not contain a dot '.' character.""):
        blueprint.add_url_rule(""/test"", ""test.endpoint"")

def test_add_url_rule_invalid_view_func(blueprint):
    with pytest.raises(ValueError, match=""'view_func' name may not contain a dot '.' character.""):
        blueprint.add_url_rule(""/test"", view_func=lambda: ""test"", endpoint=""test.endpoint"")

def test_add_url_rule_with_automatic_options(blueprint):
    blueprint.add_url_rule(""/test"", ""test_endpoint"", lambda: ""test"", provide_automatic_options=True)

def test_add_url_rule_without_view_func(blueprint):
    blueprint.add_url_rule(""/test"", ""test_endpoint"")
```"
PY-020,python,data-research/python_functions/PY-020.py,"```python
import pytest
from flask.sansio.scaffold import _get_exc_class_and_code
from werkzeug.exceptions import HTTPException, NotFound, BadRequest

def test_get_exc_class_and_code_with_http_exception():
    exc_class, code = _get_exc_class_and_code(NotFound)
    assert exc_class == NotFound
    assert code == 404

def test_get_exc_class_and_code_with_non_http_exception():
    class CustomException(Exception):
        pass

    exc_class, code = _get_exc_class_and_code(CustomException)
    assert exc_class == CustomException
    assert code is None

def test_get_exc_class_and_code_with_http_status_code():
    exc_class, code = _get_exc_class_and_code(400)
    assert exc_class == BadRequest
    assert code == 400

def test_get_exc_class_and_code_with_invalid_http_status_code():
    with pytest.raises(ValueError, match=""'999' is not a recognized HTTP error code""):
        _get_exc_class_and_code(999)

def test_get_exc_class_and_code_with_instance_of_exception():
    with pytest.raises(TypeError, match=""'<class 'Exception'>' is an instance, not a class""):
        _get_exc_class_and_code(Exception())

def test_get_exc_class_and_code_with_non_exception_class():
    with pytest.raises(ValueError, match=""'str' is not a subclass of Exception""):
        _get_exc_class_and_code(str)
```"
PY-021,python,data-research/python_functions/PY-021.py,"```python
import pytest
from flask import Flask, Request
from flask.app import create_url_adapter

@pytest.fixture
def app():
    app = Flask(__name__)
    app.config[""TRUSTED_HOSTS""] = None
    app.config[""SERVER_NAME""] = ""example.com""
    app.config[""APPLICATION_ROOT""] = ""/app""
    app.config[""PREFERRED_URL_SCHEME""] = ""http""
    return app

def test_create_url_adapter_with_request(app):
    with app.test_request_context():
        request = Request(environ={'HTTP_HOST': 'example.com'})
        adapter = app.create_url_adapter(request)
        assert adapter is not None

def test_create_url_adapter_with_trusted_hosts(app):
    app.config[""TRUSTED_HOSTS""] = [""example.com""]
    with app.test_request_context():
        request = Request(environ={'HTTP_HOST': 'example.com'})
        adapter = app.create_url_adapter(request)
        assert adapter is not None
        assert request.trusted_hosts == [""example.com""]

def test_create_url_adapter_without_request(app):
    adapter = app.create_url_adapter(None)
    assert adapter is not None

def test_create_url_adapter_without_server_name(app):
    app.config[""SERVER_NAME""] = None
    adapter = app.create_url_adapter(None)
    assert adapter is None

def test_create_url_adapter_with_host_matching(app):
    app.url_map.host_matching = True
    with app.test_request_context():
        request = Request(environ={'HTTP_HOST': 'example.com'})
        adapter = app.create_url_adapter(request)
        assert adapter is not None

def test_create_url_adapter_with_subdomain_matching(app):
    app.url_map.host_matching = False
    app.url_map.default_subdomain = ""default""
    with app.test_request_context():
        request = Request(environ={'HTTP_HOST': 'example.com'})
        adapter = app.create_url_adapter(request)
        assert adapter is not None
```"
PY-022,python,data-research/python_functions/PY-022.py,"```python
import pytest
from flask import Flask, request
from werkzeug.exceptions import BadRequestKeyError, HTTPException
from flask.app import AppContext, handle_user_exception

app = Flask(__name__)

@app.errorhandler(HTTPException)
def handle_http_exception(e):
    return f""HTTP Exception: {e}"", e.code

def test_handle_user_exception_bad_request_key_error():
    with app.app_context():
        exception = BadRequestKeyError(""bad_key"")
        response = handle_user_exception(app, AppContext(), exception)
        assert response is None  # Adjust based on actual behavior

def test_handle_user_exception_http_exception():
    with app.app_context():
        exception = HTTPException(""HTTP Error"")
        response = handle_user_exception(app, AppContext(), exception)
        assert response == (""HTTP Exception: HTTP Error"", 500)  # Adjust based on actual behavior

def test_handle_user_exception_no_handler():
    with app.app_context():
        exception = Exception(""Generic Exception"")
        with pytest.raises(Exception):
            handle_user_exception(app, AppContext(), exception)

def test_handle_user_exception_with_custom_handler():
    @app.errorhandler(Exception)
    def custom_handler(e):
        return ""Custom Error"", 400

    with app.app_context():
        exception = Exception(""Custom Exception"")
        response = handle_user_exception(app, AppContext(), exception)
        assert response == ""Custom Error"", 400
```"
PY-023,python,data-research/python_functions/PY-023.py,"```python
import os
import json
import pytest
from flask.config import Config

@pytest.fixture
def config_instance():
    return Config()

def test_from_prefixed_env_single_key(config_instance, monkeypatch):
    monkeypatch.setenv('FLASK_TEST_KEY', 'test_value')
    config_instance.from_prefixed_env()
    assert config_instance['TEST_KEY'] == 'test_value'

def test_from_prefixed_env_nested_key(config_instance, monkeypatch):
    monkeypatch.setenv('FLASK_NESTED__KEY', '{""sub_key"": ""sub_value""}')
    config_instance.from_prefixed_env()
    assert config_instance['NESTED']['sub_key'] == 'sub_value'

def test_from_prefixed_env_invalid_json(config_instance, monkeypatch):
    monkeypatch.setenv('FLASK_INVALID_JSON', 'not_a_json')
    config_instance.from_prefixed_env()
    assert config_instance['INVALID_JSON'] == 'not_a_json'

def test_from_prefixed_env_multiple_keys(config_instance, monkeypatch):
    monkeypatch.setenv('FLASK_KEY1', 'value1')
    monkeypatch.setenv('FLASK_KEY2', 'value2')
    config_instance.from_prefixed_env()
    assert config_instance['KEY1'] == 'value1'
    assert config_instance['KEY2'] == 'value2'

def test_from_prefixed_env_ignore_non_prefixed_keys(config_instance, monkeypatch):
    monkeypatch.setenv('NOT_FLASK_KEY', 'should_not_load')
    config_instance.from_prefixed_env()
    assert 'NOT_FLASK_KEY' not in config_instance

def test_from_prefixed_env_empty_prefix(config_instance, monkeypatch):
    monkeypatch.setenv('FLASK__EMPTY', 'empty_value')
    config_instance.from_prefixed_env(prefix='FLASK')
    assert config_instance['EMPTY'] == 'empty_value'
```"
PY-024,python,data-research/python_functions/PY-024.py,"```python
import pytest
from flask import Flask
from flask.ctx import AppContext

@pytest.fixture
def app():
    app = Flask(__name__)
    with app.app_context():
        yield app

def test_pop_no_active_context(app):
    ctx = AppContext(app)
    with pytest.raises(RuntimeError, match=""there is no active context""):
        ctx.pop()

def test_pop_not_pushed_context(app):
    ctx = AppContext(app)
    ctx._cv_token = None
    with pytest.raises(RuntimeError, match=""it is not pushed""):
        ctx.pop()

def test_pop_active_context(app):
    ctx = AppContext(app)
    ctx._cv_token = object()
    ctx._push_count = 1
    ctx.push()
    ctx.pop()  # Should not raise an error

def test_pop_multiple_pushes(app):
    ctx = AppContext(app)
    ctx._cv_token = object()
    ctx._push_count = 2
    ctx.push()
    ctx.push()
    ctx.pop()  # Should not raise an error
    assert ctx._push_count == 1  # Check push count is decremented

def test_pop_final_pop(app):
    ctx = AppContext(app)
    ctx._cv_token = object()
    ctx._push_count = 1
    ctx.push()
    ctx.pop()  # Should not raise an error
    assert ctx._cv_token is None  # Check token is reset
```"
PY-025,python,data-research/python_functions/PY-025.py,"```python
import pytest
from flask.json.provider import _prepare_response_obj

class MockJsonProvider:
    def _prepare_response_obj(self, args, kwargs):
        if args and kwargs:
            raise TypeError(""app.json.response() takes either args or kwargs, not both"")

        if not args and not kwargs:
            return None

        if len(args) == 1:
            return args[0]

        return args or kwargs

def test_prepare_response_obj_both_args_and_kwargs():
    provider = MockJsonProvider()
    with pytest.raises(TypeError, match=""app.json.response() takes either args or kwargs, not both""):
        provider._prepare_response_obj((1,), {'key': 'value'})

def test_prepare_response_obj_no_args_no_kwargs():
    provider = MockJsonProvider()
    assert provider._prepare_response_obj((), {}) is None

def test_prepare_response_obj_single_arg():
    provider = MockJsonProvider()
    assert provider._prepare_response_obj((42,), {}) == 42

def test_prepare_response_obj_multiple_args():
    provider = MockJsonProvider()
    assert provider._prepare_response_obj((1, 2, 3), {}) == (1, 2, 3)

def test_prepare_response_obj_kwargs_only():
    provider = MockJsonProvider()
    assert provider._prepare_response_obj((), {'key': 'value'}) == {'key': 'value'}
```"
PY-026,python,data-research/python_functions/PY-026.py,"```python
import pytest
from flask.sansio.app import _find_error_handler

class MockApp:
    def __init__(self):
        self.error_handler_spec = {
            None: {200: {}, 404: {}},
            'blueprint1': {200: {}, 404: {ValueError: lambda e: ""ValueError handler""}},
            'blueprint2': {404: {KeyError: lambda e: ""KeyError handler""}},
        }

    def _get_exc_class_and_code(self, exc_type):
        if exc_type == ValueError:
            return (ValueError, 404)
        elif exc_type == KeyError:
            return (KeyError, 404)
        return (Exception, None)

def test_find_error_handler_value_error():
    app = MockApp()
    handler = _find_error_handler(app, ValueError(""An error occurred""), ['blueprint1', 'blueprint2'])
    assert handler is not None
    assert handler(ValueError(""An error occurred"")) == ""ValueError handler""

def test_find_error_handler_key_error():
    app = MockApp()
    handler = _find_error_handler(app, KeyError(""An error occurred""), ['blueprint1', 'blueprint2'])
    assert handler is not None
    assert handler(KeyError(""An error occurred"")) == ""KeyError handler""

def test_find_error_handler_no_handler():
    app = MockApp()
    handler = _find_error_handler(app, Exception(""An error occurred""), ['blueprint1', 'blueprint2'])
    assert handler is None

def test_find_error_handler_with_none_code():
    app = MockApp()
    handler = _find_error_handler(app, Exception(""An error occurred""), [None])
    assert handler is None
```"
PY-027,python,data-research/python_functions/PY-027.py,"```python
import pytest
from flask.testing import open
from werkzeug.test import EnvironBuilder
from flask import Flask

@pytest.fixture
def app():
    app = Flask(__name__)
    return app

def test_open_with_environ_builder(app):
    builder = EnvironBuilder(method='GET', path='/')
    response = open(app.test_client(), builder)
    assert response.status_code == 200

def test_open_with_dict(app):
    environ = {'PATH_INFO': '/', 'REQUEST_METHOD': 'GET'}
    response = open(app.test_client(), environ)
    assert response.status_code == 200

def test_open_with_base_request(app):
    builder = EnvironBuilder(method='GET', path='/')
    request = builder.get_request()
    response = open(app.test_client(), request)
    assert response.status_code == 200

def test_open_with_no_args(app):
    response = open(app.test_client())
    assert response.status_code == 404  # Assuming no route matches

def test_open_with_buffered(app):
    builder = EnvironBuilder(method='GET', path='/')
    response = open(app.test_client(), builder, buffered=True)
    assert response.status_code == 200

def test_open_with_follow_redirects(app):
    builder = EnvironBuilder(method='GET', path='/redirect')
    response = open(app.test_client(), builder, follow_redirects=True)
    assert response.status_code == 200  # Assuming the redirect is valid
```"
PY-028,python,data-research/python_functions/PY-028.py,"```python
import pytest
from flask.views import MethodView

class TestInitSubclass(MethodView):
    pass

def test_init_subclass_no_methods():
    class SubClassWithoutMethods(TestInitSubclass):
        pass

    assert not hasattr(SubClassWithoutMethods, 'methods')

def test_init_subclass_with_methods():
    class BaseClassWithMethods(MethodView):
        methods = {'GET'}

    class SubClassWithMethods(BaseClassWithMethods):
        pass

    assert SubClassWithMethods.methods == {'GET'}

def test_init_subclass_inherits_methods():
    class BaseClassWithMethods(MethodView):
        methods = {'POST'}

    class SubClassInheritsMethods(BaseClassWithMethods):
        pass

    assert SubClassInheritsMethods.methods == {'POST'}

def test_init_subclass_adds_http_method():
    class SubClassWithHttpMethod(MethodView):
        GET = True

    class SubClassWithMethods(SubClassWithHttpMethod):
        pass

    assert SubClassWithMethods.methods == {'GET'}

def test_init_subclass_combines_methods():
    class BaseClassWithMethods(MethodView):
        methods = {'PUT'}

    class SubClassWithHttpMethod(MethodView):
        POST = True

    class CombinedSubClass(BaseClassWithMethods, SubClassWithHttpMethod):
        pass

    assert CombinedSubClass.methods == {'PUT', 'POST'}
```"
PY-029,python,data-research/python_functions/PY-029.py,"```python
import pytest
from requests.adapters import _urllib3_request_context
from requests.models import PreparedRequest
from urllib3 import PoolManager

def test_urllib3_request_context_no_verify():
    request = PreparedRequest()
    request.url = ""https://example.com""
    verify = False
    client_cert = None
    poolmanager = PoolManager()
    
    host_params, pool_kwargs = _urllib3_request_context(request, verify, client_cert, poolmanager)
    
    assert host_params == {""scheme"": ""https"", ""host"": ""example.com"", ""port"": None}
    assert pool_kwargs == {""cert_reqs"": ""CERT_NONE""}

def test_urllib3_request_context_verify_string():
    request = PreparedRequest()
    request.url = ""https://example.com""
    verify = ""/path/to/cert""
    client_cert = None
    poolmanager = PoolManager()
    
    host_params, pool_kwargs = _urllib3_request_context(request, verify, client_cert, poolmanager)
    
    assert host_params == {""scheme"": ""https"", ""host"": ""example.com"", ""port"": None}
    assert pool_kwargs == {""cert_reqs"": ""CERT_REQUIRED"", ""ca_certs"": ""/path/to/cert""}

def test_urllib3_request_context_verify_directory():
    request = PreparedRequest()
    request.url = ""https://example.com""
    verify = ""/path/to/cert/dir""
    client_cert = None
    poolmanager = PoolManager()
    
    host_params, pool_kwargs = _urllib3_request_context(request, verify, client_cert, poolmanager)
    
    assert host_params == {""scheme"": ""https"", ""host"": ""example.com"", ""port"": None}
    assert pool_kwargs == {""cert_reqs"": ""CERT_REQUIRED"", ""ca_cert_dir"": ""/path/to/cert/dir""}

def test_urllib3_request_context_with_client_cert_tuple():
    request = PreparedRequest()
    request.url = ""https://example.com""
    verify = True
    client_cert = (""/path/to/certfile"", ""/path/to/keyfile"")
    poolmanager = PoolManager()
    
    host_params, pool_kwargs = _urllib3_request_context(request, verify, client_cert, poolmanager)
    
    assert host_params == {""scheme"": ""https"", ""host"": ""example.com"", ""port"": None}
    assert pool_kwargs == {""cert_reqs"": ""CERT_REQUIRED"", ""cert_file"": ""/path/to/certfile"", ""key_file"": ""/path/to/keyfile""}

def test_urllib3_request_context_with_client_cert_string():
    request = PreparedRequest()
    request.url = ""https://example.com""
    verify = True
    client_cert = ""/path/to/certfile""
    poolmanager = PoolManager()
    
    host_params, pool_kwargs = _urllib3_request_context(request, verify, client_cert, poolmanager)
    
    assert host_params == {""scheme"": ""https"", ""host"": ""example.com"", ""port"": None}
    assert pool_kwargs == {""cert_reqs"": ""CERT_REQUIRED"", ""cert_file"": ""/path/to/certfile""}
```"
PY-030,python,data-research/python_functions/PY-030.py,"```python
import pytest
from requests.auth import HTTPDigestAuth
from requests.models import Response

@pytest.fixture
def auth():
    return HTTPDigestAuth('user', 'pass')

def test_handle_401_not_4xx(auth):
    response = Response()
    response.status_code = 200
    result = auth.handle_401(response)
    assert result == response
    assert auth._thread_local.num_401_calls == 1

def test_handle_401_no_digest(auth):
    response = Response()
    response.status_code = 401
    response.headers['www-authenticate'] = 'Basic realm=""example""'
    result = auth.handle_401(response)
    assert result == response
    assert auth._thread_local.num_401_calls == 1

def test_handle_401_digest_first_call(auth):
    response = Response()
    response.status_code = 401
    response.headers['www-authenticate'] = 'Digest realm=""example""'
    response.request = Response()
    response.request.method = 'GET'
    response.request.url = 'http://example.com'
    auth._thread_local.num_401_calls = 1
    result = auth.handle_401(response)
    assert auth._thread_local.num_401_calls == 2
    assert result.history[0] == response

def test_handle_401_digest_second_call(auth):
    response = Response()
    response.status_code = 401
    response.headers['www-authenticate'] = 'Digest realm=""example""'
    response.request = Response()
    response.request.method = 'GET'
    response.request.url = 'http://example.com'
    auth._thread_local.num_401_calls = 2
    result = auth.handle_401(response)
    assert result == response
    assert auth._thread_local.num_401_calls == 1
```"
PY-031,python,data-research/python_functions/PY-031.py,"```python
import pytest
from flask import Flask, request
from flask.app import AppContext

@pytest.fixture
def app():
    app = Flask(__name__)

    @app.before_request
    def before_request_func():
        return ""Before Request""

    @app.url_value_preprocessor
    def url_value_preprocessor(endpoint, values):
        pass

    return app

def test_preprocess_request_no_preprocessors(app):
    with app.app_context():
        ctx = AppContext(app)
        ctx.push()
        assert preprocess_request(app, ctx) is None
        ctx.pop()

def test_preprocess_request_with_url_value_preprocessor(app):
    @app.url_value_preprocessor
    def url_value_preprocessor(endpoint, values):
        values['test'] = 'value'

    with app.app_context():
        ctx = AppContext(app)
        ctx.push()
        assert preprocess_request(app, ctx) is None
        ctx.pop()

def test_preprocess_request_with_before_request_func(app):
    @app.before_request
    def before_request_func():
        return ""Before Request""

    with app.app_context():
        ctx = AppContext(app)
        ctx.push()
        assert preprocess_request(app, ctx) == ""Before Request""
        ctx.pop()

def test_preprocess_request_with_multiple_before_request_funcs(app):
    @app.before_request
    def before_request_func_1():
        return None

    @app.before_request
    def before_request_func_2():
        return ""Before Request""

    with app.app_context():
        ctx = AppContext(app)
        ctx.push()
        assert preprocess_request(app, ctx) == ""Before Request""
        ctx.pop()

def test_preprocess_request_with_url_value_preprocessor_and_before_request_func(app):
    @app.url_value_preprocessor
    def url_value_preprocessor(endpoint, values):
        values['test'] = 'value'

    @app.before_request
    def before_request_func():
        return ""Before Request""

    with app.app_context():
        ctx = AppContext(app)
        ctx.push()
        assert preprocess_request(app, ctx) == ""Before Request""
        ctx.pop()
```"
PY-032,python,data-research/python_functions/PY-032.py,"```python
import pytest
from flask import Flask
from flask.app import wsgi_app

@pytest.fixture
def app():
    app = Flask(__name__)
    return app

def test_wsgi_app_success(app):
    environ = {
        'REQUEST_METHOD': 'GET',
        'PATH_INFO': '/',
        'wsgi.version': (1, 0),
        'wsgi.url_scheme': 'http',
        'SERVER_NAME': 'localhost',
        'SERVER_PORT': '5000',
        'wsgi.input': b'',
        'CONTENT_LENGTH': '0',
    }
    
    def start_response(status, headers):
        assert status == '200 OK'
        assert ('Content-Type', 'text/html; charset=utf-8') in headers

    response = wsgi_app(app, environ, start_response)
    assert response == b''  # Assuming the default response is empty

def test_wsgi_app_exception_handling(app):
    environ = {
        'REQUEST_METHOD': 'GET',
        'PATH_INFO': '/',
        'wsgi.version': (1, 0),
        'wsgi.url_scheme': 'http',
        'SERVER_NAME': 'localhost',
        'SERVER_PORT': '5000',
        'wsgi.input': b'',
        'CONTENT_LENGTH': '0',
    }

    # Simulate an exception in the request handling
    app.full_dispatch_request = lambda ctx: (_ for _ in ()).throw(ValueError(""Test Exception""))

    def start_response(status, headers):
        assert status == '500 INTERNAL SERVER ERROR'
        assert ('Content-Type', 'text/html; charset=utf-8') in headers

    response = wsgi_app(app, environ, start_response)
    assert response is not None  # Ensure that a response is returned even on error

def test_wsgi_app_ignore_error(app):
    environ = {
        'REQUEST_METHOD': 'GET',
        'PATH_INFO': '/',
        'wsgi.version': (1, 0),
        'wsgi.url_scheme': 'http',
        'SERVER_NAME': 'localhost',
        'SERVER_PORT': '5000',
        'wsgi.input': b'',
        'CONTENT_LENGTH': '0',
        'werkzeug.debug.preserve_context': lambda ctx: None,
    }

    app.should_ignore_error = lambda e: isinstance(e, ValueError)

    # Simulate an exception in the request handling
    app.full_dispatch_request = lambda ctx: (_ for _ in ()).throw(ValueError(""Test Exception""))

    def start_response(status, headers):
        assert status == '500 INTERNAL SERVER ERROR'
        assert ('Content-Type', 'text/html; charset=utf-8') in headers

    response = wsgi_app(app, environ, start_response)
    assert response is not None  # Ensure that a response is returned even on error
```"
PY-033,python,data-research/python_functions/PY-033.py,"```python
import pytest
from flask.cli import load_app
from unittest.mock import MagicMock, patch
from flask import Flask

class MockFlaskCLI:
    def __init__(self, create_app=None, app_import_path=None, set_debug_flag=False):
        self.create_app = create_app
        self.app_import_path = app_import_path
        self.set_debug_flag = set_debug_flag
        self._loaded_app = None

def mock_create_app():
    return Flask(__name__)

def test_load_app_with_create_app():
    cli = MockFlaskCLI(create_app=mock_create_app)
    app = cli.load_app()
    assert isinstance(app, Flask)
    assert cli._loaded_app is app

def test_load_app_with_app_import_path():
    cli = MockFlaskCLI(app_import_path='module:app')
    with patch('flask.cli.locate_app') as mock_locate_app:
        mock_locate_app.return_value = Flask(__name__)
        app = cli.load_app()
        assert isinstance(app, Flask)
        assert cli._loaded_app is app
        mock_locate_app.assert_called_once()

def test_load_app_with_no_app_found():
    cli = MockFlaskCLI()
    with pytest.raises(NoAppException):
        cli.load_app()

def test_load_app_with_debug_flag():
    cli = MockFlaskCLI(create_app=mock_create_app, set_debug_flag=True)
    with patch('flask.cli.get_debug_flag', return_value=True):
        app = cli.load_app()
        assert app.debug is True
        assert cli._loaded_app is app

def test_load_app_returns_existing_app():
    cli = MockFlaskCLI(create_app=mock_create_app)
    app1 = cli.load_app()
    app2 = cli.load_app()
    assert app1 is app2
```"
PY-034,python,data-research/python_functions/PY-034.py,"```python
import pytest
from flask.debughelpers import _dump_loader_info

class MockLoader:
    def __init__(self, **kwargs):
        self.__dict__.update(kwargs)

def test_dump_loader_info_with_string_attributes():
    loader = MockLoader(name=""test_loader"", version=""1.0"")
    result = list(_dump_loader_info(loader))
    assert result == [
        ""class: flask.debughelpers.MockLoader"",
        ""name: 'test_loader'"",
        ""version: '1.0'""
    ]

def test_dump_loader_info_with_numeric_attributes():
    loader = MockLoader(count=5, active=True)
    result = list(_dump_loader_info(loader))
    assert result == [
        ""class: flask.debughelpers.MockLoader"",
        ""active: True"",
        ""count: 5""
    ]

def test_dump_loader_info_with_list_attributes():
    loader = MockLoader(items=[""item1"", ""item2""])
    result = list(_dump_loader_info(loader))
    assert result == [
        ""class: flask.debughelpers.MockLoader"",
        ""items:"",
        ""  - item1"",
        ""  - item2""
    ]

def test_dump_loader_info_with_mixed_attributes():
    loader = MockLoader(name=""mixed_loader"", values=[1, 2, 3], invalid_attr={})
    result = list(_dump_loader_info(loader))
    assert result == [
        ""class: flask.debughelpers.MockLoader"",
        ""name: 'mixed_loader'"",
        ""values:"",
        ""  - 1"",
        ""  - 2"",
        ""  - 3""
    ]

def test_dump_loader_info_with_private_attributes():
    loader = MockLoader(_private=""hidden"", public=""visible"")
    result = list(_dump_loader_info(loader))
    assert result == [
        ""class: flask.debughelpers.MockLoader"",
        ""public: 'visible'""
    ]

def test_dump_loader_info_with_empty_loader():
    loader = MockLoader()
    result = list(_dump_loader_info(loader))
    assert result == [
        ""class: flask.debughelpers.MockLoader""
    ]
```"
PY-035,python,data-research/python_functions/PY-035.py,"```python
import pytest
from requests.cookies import CookieJar, remove_cookie_by_name

@pytest.fixture
def cookie_jar():
    jar = CookieJar()
    jar.set_cookie(create_cookie(""test_cookie"", ""value1"", domain=""example.com"", path=""/""))
    jar.set_cookie(create_cookie(""test_cookie"", ""value2"", domain=""example.com"", path=""/subpath""))
    jar.set_cookie(create_cookie(""other_cookie"", ""value3"", domain=""example.com"", path=""/""))
    return jar

def create_cookie(name, value, domain, path):
    from http.cookies import SimpleCookie
    cookie = SimpleCookie()
    cookie[name] = value
    cookie[name][""domain""] = domain
    cookie[name][""path""] = path
    return cookie[name]

def test_remove_cookie_by_name_no_domain_no_path(cookie_jar):
    remove_cookie_by_name(cookie_jar, ""test_cookie"")
    assert ""test_cookie"" not in cookie_jar

def test_remove_cookie_by_name_with_domain(cookie_jar):
    remove_cookie_by_name(cookie_jar, ""test_cookie"", domain=""example.com"")
    assert ""test_cookie"" not in cookie_jar

def test_remove_cookie_by_name_with_path(cookie_jar):
    remove_cookie_by_name(cookie_jar, ""test_cookie"", path=""/subpath"")
    assert ""test_cookie"" in cookie_jar  # Should still exist in root path
    assert ""test_cookie"" not in cookie_jar  # Should be removed from subpath

def test_remove_non_existent_cookie(cookie_jar):
    remove_cookie_by_name(cookie_jar, ""non_existent_cookie"")
    assert len(cookie_jar) == 3  # No cookies should be removed

def test_remove_cookie_with_specific_domain_and_path(cookie_jar):
    remove_cookie_by_name(cookie_jar, ""test_cookie"", domain=""example.com"", path=""/subpath"")
    assert ""test_cookie"" not in cookie_jar  # Should be removed from subpath
    assert len(cookie_jar) == 2  # Other cookies should remain

def test_remove_cookie_with_different_domain(cookie_jar):
    remove_cookie_by_name(cookie_jar, ""test_cookie"", domain=""other.com"")
    assert ""test_cookie"" in cookie_jar  # Should remain since domain doesn't match
```"
PY-036,python,data-research/python_functions/PY-036.py,"```python
import pytest
from requests.models import Response

@pytest.fixture
def mock_response():
    response = Response()
    response.raw = type('Raw', (), {
        'stream': lambda chunk_size, decode_content: iter([b'chunk1', b'chunk2']),
        'read': lambda chunk_size: b'chunk1' if chunk_size > 0 else b''
    })()
    return response

def test_generate_with_stream(mock_response):
    chunks = list(mock_response.raw.stream(1, decode_content=True))
    assert chunks == [b'chunk1', b'chunk2']

def test_generate_with_read(mock_response):
    mock_response.raw.stream = lambda chunk_size, decode_content: iter([])
    chunks = list(mock_response.raw.read(1))
    assert chunks == []

def test_generate_empty(mock_response):
    mock_response.raw.read = lambda chunk_size: b''
    chunks = list(mock_response.raw.read(1))
    assert chunks == []

def test_generate_with_protocol_error(mock_response):
    mock_response.raw.stream = lambda chunk_size, decode_content: (_ for _ in ()).throw(ProtocolError(""Protocol error""))
    with pytest.raises(ChunkedEncodingError):
        list(mock_response.raw.stream(1, decode_content=True))

def test_generate_with_decode_error(mock_response):
    mock_response.raw.stream = lambda chunk_size, decode_content: (_ for _ in ()).throw(DecodeError(""Decode error""))
    with pytest.raises(ContentDecodingError):
        list(mock_response.raw.stream(1, decode_content=True))

def test_generate_with_read_timeout_error(mock_response):
    mock_response.raw.read = lambda chunk_size: (_ for _ in ()).throw(ReadTimeoutError(""Read timeout""))
    with pytest.raises(ConnectionError):
        list(mock_response.raw.read(1))

def test_generate_with_ssl_error(mock_response):
    mock_response.raw.read = lambda chunk_size: (_ for _ in ()).throw(SSLError(""SSL error""))
    with pytest.raises(RequestsSSLError):
        list(mock_response.raw.read(1))
```"
PY-037,python,data-research/python_functions/PY-037.py,"```python
import pytest
from requests.models import Response
import json as complexjson
from requests.exceptions import JSONDecodeError

def test_json_valid_response():
    response = Response()
    response._content = b'{""key"": ""value""}'
    response.encoding = None
    assert response.json() == {""key"": ""value""}

def test_json_valid_response_with_encoding():
    response = Response()
    response._content = b'{""key"": ""value""}'
    response.encoding = 'utf-8'
    assert response.json() == {""key"": ""value""}

def test_json_invalid_json():
    response = Response()
    response._content = b'{""key"": ""value""'
    response.encoding = None
    with pytest.raises(JSONDecodeError):
        response.json()

def test_json_empty_content():
    response = Response()
    response._content = b''
    response.encoding = None
    with pytest.raises(JSONDecodeError):
        response.json()

def test_json_no_encoding_and_content():
    response = Response()
    response._content = b'{""key"": ""value""}'
    response.encoding = ''
    assert response.json() == {""key"": ""value""}

def test_json_unicode_decode_error():
    response = Response()
    response._content = b'\xff\xfe{""key"": ""value""}'  # Invalid UTF-8
    response.encoding = None
    with pytest.raises(JSONDecodeError):
        response.json()
```"
PY-038,python,data-research/python_functions/PY-038.py,"```python
import pytest
from requests.sessions import merge_setting

def test_merge_setting_both_none():
    assert merge_setting(None, None) is None

def test_merge_setting_request_none():
    assert merge_setting(None, {'key': 'value'}) == {'key': 'value'}

def test_merge_setting_session_none():
    assert merge_setting({'key': 'value'}, None) == {'key': 'value'}

def test_merge_setting_both_empty():
    assert merge_setting({}, {}) == {}

def test_merge_setting_request_overrides_session():
    request_setting = {'key': 'request_value'}
    session_setting = {'key': 'session_value'}
    assert merge_setting(request_setting, session_setting) == {'key': 'request_value'}

def test_merge_setting_session_overrides_request():
    request_setting = {'key': None}
    session_setting = {'key': 'session_value'}
    assert merge_setting(request_setting, session_setting) == {'key': 'session_value'}

def test_merge_setting_both_non_dict():
    request_setting = 'not_a_dict'
    session_setting = 'also_not_a_dict'
    assert merge_setting(request_setting, session_setting) == 'not_a_dict'

def test_merge_setting_both_dicts():
    request_setting = {'key1': 'value1', 'key2': None}
    session_setting = {'key2': 'session_value2', 'key3': 'session_value3'}
    expected = {'key1': 'value1', 'key2': 'session_value2', 'key3': 'session_value3'}
    assert merge_setting(request_setting, session_setting) == expected

def test_merge_setting_remove_none_keys():
    request_setting = {'key1': None}
    session_setting = {'key1': 'session_value1', 'key2': None}
    expected = {'key1': 'session_value1'}
    assert merge_setting(request_setting, session_setting) == expected
```"
PY-039,python,data-research/python_functions/PY-039.py,"```python
import os
import tempfile
import zipfile
import pytest
from requests.utils import extract_zipped_paths

@pytest.fixture
def create_zip_file():
    # Create a temporary zip file for testing
    zip_file_path = tempfile.mktemp(suffix='.zip')
    with zipfile.ZipFile(zip_file_path, 'w') as zipf:
        zipf.writestr('test_member.txt', b'This is a test.')
    yield zip_file_path
    os.remove(zip_file_path)

def test_extract_zipped_paths_valid_path():
    valid_path = tempfile.mktemp()
    os.close(os.open(valid_path, os.O_CREAT))
    assert extract_zipped_paths(valid_path) == valid_path
    os.remove(valid_path)

def test_extract_zipped_paths_nonexistent_zip(create_zip_file):
    nonexistent_path = 'nonexistent.zip/test_member.txt'
    assert extract_zipped_paths(nonexistent_path) == nonexistent_path

def test_extract_zipped_paths_valid_zip_member(create_zip_file):
    valid_zip_path = create_zip_file
    member_path = f""{valid_zip_path}/test_member.txt""
    extracted_path = extract_zipped_paths(member_path)
    assert os.path.exists(extracted_path)
    os.remove(extracted_path)

def test_extract_zipped_paths_invalid_member(create_zip_file):
    invalid_member_path = f""{create_zip_file}/invalid_member.txt""
    assert extract_zipped_paths(invalid_member_path) == invalid_member_path

def test_extract_zipped_paths_empty_prefix(create_zip_file):
    empty_prefix_path = f""{create_zip_file}/test_member.txt""
    extracted_path = extract_zipped_paths(empty_prefix_path)
    assert os.path.exists(extracted_path)
    os.remove(extracted_path)
```"
PY-040,python,data-research/python_functions/PY-040.py,"```python
import pytest
import click
from flask.cli import _validate_key

@pytest.fixture
def ctx():
    return click.Context(click.Command(""test""))

def test_validate_key_adhoc(ctx):
    ctx.params[""cert""] = ""adhoc""
    with pytest.raises(click.BadParameter, match='When ""--cert"" is ""adhoc"", ""--key"" is not used.'):
        _validate_key(ctx, click.Parameter(name=""key""), ""my_key"")

def test_validate_key_ssl_context(ctx):
    class MockSSLContext:
        pass

    ctx.params[""cert""] = MockSSLContext()
    with pytest.raises(click.BadParameter, match='When ""--cert"" is an SSLContext object, ""--key"" is not used.'):
        _validate_key(ctx, click.Parameter(name=""key""), ""my_key"")

def test_validate_key_no_cert(ctx):
    ctx.params[""cert""] = None
    with pytest.raises(click.BadParameter, match='""--cert"" must also be specified.'):
        _validate_key(ctx, click.Parameter(name=""key""), ""my_key"")

def test_validate_key_required_when_cert(ctx):
    ctx.params[""cert""] = ""my_cert""
    with pytest.raises(click.BadParameter, match='Required when using ""--cert"".'):
        _validate_key(ctx, click.Parameter(name=""key""), None)

def test_validate_key_success(ctx):
    ctx.params[""cert""] = ""my_cert""
    result = _validate_key(ctx, click.Parameter(name=""key""), ""my_key"")
    assert result == ""my_key""
    assert ctx.params[""cert""] == (""my_cert"", ""my_key"")
```"
PY-041,python,data-research/python_functions/PY-041.py,"```python
import os
import pytest
from flask.helpers import get_root_path

def test_get_root_path_existing_module():
    assert get_root_path('flask') == os.path.dirname(os.path.abspath(__file__))

def test_get_root_path_non_existent_module():
    assert get_root_path('non_existent_module') == os.getcwd()

def test_get_root_path_namespace_package():
    # Assuming 'pkg_resources' is a namespace package
    assert get_root_path('pkg_resources') == os.path.dirname(os.path.abspath(__file__))

def test_get_root_path_main_module():
    assert get_root_path('__main__') == os.getcwd()
```"
PY-042,python,data-research/python_functions/PY-042.py,"```python
import pytest
from requests.cookies import RequestsCookieJar, CookieConflictError

@pytest.fixture
def cookie_jar():
    jar = RequestsCookieJar()
    jar.set('cookie1', 'value1', domain='example.com', path='/')
    jar.set('cookie2', 'value2', domain='example.com', path='/')
    jar.set('cookie3', 'value3', domain='example.com', path='/subpath')
    return jar

def test_find_no_duplicates_single_cookie(cookie_jar):
    assert cookie_jar._find_no_duplicates('cookie1', 'example.com', '/') == 'value1'

def test_find_no_duplicates_multiple_cookies_same_domain_path(cookie_jar):
    with pytest.raises(CookieConflictError):
        cookie_jar._find_no_duplicates('cookie1', 'example.com', '/')

def test_find_no_duplicates_different_path(cookie_jar):
    assert cookie_jar._find_no_duplicates('cookie3', 'example.com', '/subpath') == 'value3'

def test_find_no_duplicates_no_cookie(cookie_jar):
    with pytest.raises(KeyError):
        cookie_jar._find_no_duplicates('nonexistent_cookie', 'example.com', '/')

def test_find_no_duplicates_no_domain(cookie_jar):
    assert cookie_jar._find_no_duplicates('cookie1') == 'value1'
    assert cookie_jar._find_no_duplicates('cookie2') == 'value2'
```"
PY-043,python,data-research/python_functions/PY-043.py,"```python
import pytest
from requests.models import Response

@pytest.fixture
def mock_response():
    response = Response()
    response._content = b""line1\nline2\nline3\n""
    response._iter_content = lambda chunk_size, decode_unicode: (response._content[i:i + chunk_size] for i in range(0, len(response._content), chunk_size))
    return response

def test_iter_lines_default(mock_response):
    lines = list(mock_response.iter_lines())
    assert lines == [b'line1', b'line2', b'line3']

def test_iter_lines_with_delimiter(mock_response):
    lines = list(mock_response.iter_lines(delimiter=b'\n'))
    assert lines == [b'line1', b'line2', b'line3']

def test_iter_lines_with_pending(mock_response):
    response = Response()
    response._content = b""line1\nline2\nline3\nline4\n""
    response._iter_content = lambda chunk_size, decode_unicode: (response._content[i:i + chunk_size] for i in range(0, len(response._content), chunk_size))
    lines = list(response.iter_lines(chunk_size=10))
    assert lines == [b'line1', b'line2', b'line3', b'line4']

def test_iter_lines_empty(mock_response):
    response = Response()
    response._content = b""""
    response._iter_content = lambda chunk_size, decode_unicode: (response._content[i:i + chunk_size] for i in range(0, len(response._content), chunk_size))
    lines = list(response.iter_lines())
    assert lines == []

def test_iter_lines_with_unicode(mock_response):
    response = Response()
    response._content = b""line1\nline2\n""
    response._iter_content = lambda chunk_size, decode_unicode: (response._content[i:i + chunk_size] for i in range(0, len(response._content), chunk_size))
    lines = list(response.iter_lines(decode_unicode=True))
    assert lines == [b'line1', b'line2']
```"
PY-044,python,data-research/python_functions/PY-044.py,"```python
import pytest
from requests.sessions import Session, merge_environment_settings

@pytest.fixture
def session():
    return Session()

def test_merge_environment_settings_with_trust_env(session, monkeypatch):
    session.trust_env = True
    monkeypatch.setenv(""REQUESTS_CA_BUNDLE"", ""path/to/ca_bundle"")
    url = ""http://example.com""
    proxies = {""http"": ""http://proxy.com""}
    stream = None
    verify = None
    cert = None

    result = merge_environment_settings(session, url, proxies, stream, verify, cert)
    
    assert result[""proxies""][""http""] == ""http://proxy.com""
    assert result[""verify""] == ""path/to/ca_bundle""
    assert result[""stream""] is None
    assert result[""cert""] is None

def test_merge_environment_settings_without_trust_env(session):
    session.trust_env = False
    url = ""http://example.com""
    proxies = {""http"": ""http://proxy.com""}
    stream = True
    verify = True
    cert = ""path/to/cert""

    result = merge_environment_settings(session, url, proxies, stream, verify, cert)

    assert result[""proxies""][""http""] == ""http://proxy.com""
    assert result[""verify""] is True
    assert result[""stream""] is True
    assert result[""cert""] == ""path/to/cert""

def test_merge_environment_settings_with_no_proxies(session):
    session.trust_env = True
    url = ""http://example.com""
    proxies = None
    stream = False
    verify = None
    cert = None

    result = merge_environment_settings(session, url, proxies, stream, verify, cert)

    assert result[""proxies""] is not None
    assert result[""stream""] is False
    assert result[""verify""] is None
    assert result[""cert""] is None

def test_merge_environment_settings_with_custom_proxies(session):
    session.trust_env = True
    url = ""http://example.com""
    proxies = {""http"": ""http://custom_proxy.com"", ""no_proxy"": ""localhost""}
    stream = None
    verify = None
    cert = None

    result = merge_environment_settings(session, url, proxies, stream, verify, cert)

    assert result[""proxies""][""http""] == ""http://custom_proxy.com""
    assert ""no_proxy"" in result[""proxies""]
    assert result[""stream""] is None
    assert result[""verify""] is None
    assert result[""cert""] is None
```"
PY-045,python,data-research/python_functions/PY-045.py,"```python
import pytest
from requests.utils import proxy_bypass_registry

def test_proxy_bypass_registry_no_import():
    # Simulate the absence of winreg by mocking
    with pytest.raises(ImportError):
        proxy_bypass_registry(""example.com"")

def test_proxy_bypass_registry_no_key():
    # Mock winreg to raise OSError
    import winreg
    from unittest.mock import patch

    with patch('winreg.OpenKey', side_effect=OSError):
        assert proxy_bypass_registry(""example.com"") is False

def test_proxy_bypass_registry_value_error():
    # Mock winreg to raise ValueError
    import winreg
    from unittest.mock import patch

    with patch('winreg.OpenKey', return_value=None), \
         patch('winreg.QueryValueEx', side_effect=ValueError):
        assert proxy_bypass_registry(""example.com"") is False

def test_proxy_bypass_registry_proxy_disabled():
    # Mock winreg to return ProxyEnable as 0
    import winreg
    from unittest.mock import patch

    with patch('winreg.OpenKey', return_value=None), \
         patch('winreg.QueryValueEx', side_effect=[(0, None), ("""", None)]):
        assert proxy_bypass_registry(""example.com"") is False

def test_proxy_bypass_registry_no_override():
    # Mock winreg to return ProxyEnable as 1 and ProxyOverride as empty
    import winreg
    from unittest.mock import patch

    with patch('winreg.OpenKey', return_value=None), \
         patch('winreg.QueryValueEx', side_effect=[(1, None), ("""", None)]):
        assert proxy_bypass_registry(""example.com"") is False

def test_proxy_bypass_registry_local_match():
    # Mock winreg to return ProxyEnable as 1 and ProxyOverride containing <local>
    import winreg
    from unittest.mock import patch

    with patch('winreg.OpenKey', return_value=None), \
         patch('winreg.QueryValueEx', side_effect=[(1, None), (""<local>;example.com"", None)]):
        assert proxy_bypass_registry(""localhost"") is True

def test_proxy_bypass_registry_pattern_match():
    # Mock winreg to return ProxyEnable as 1 and ProxyOverride with a pattern
    import winreg
    from unittest.mock import patch

    with patch('winreg.OpenKey', return_value=None), \
         patch('winreg.QueryValueEx', side_effect=[(1, None), (""*.example.com;*.test.com"", None)]):
        assert proxy_bypass_registry(""sub.example.com"") is True
        assert proxy_bypass_registry(""sub.test.com"") is True
        assert proxy_bypass_registry(""example.org"") is False
```"
PY-046,python,data-research/python_functions/PY-046.py,"```python
import pytest
from flask import Flask, AppContext

class TestFlaskSubclass(Flask):
    def handle_http_exception(self):
        pass

    def handle_user_exception(self):
        pass

    def handle_exception(self):
        pass

    def log_exception(self):
        pass

    def dispatch_request(self):
        pass

    def full_dispatch_request(self):
        pass

    def finalize_request(self):
        pass

    def make_default_options_response(self):
        pass

    def preprocess_request(self):
        pass

    def process_response(self):
        pass

    def do_teardown_request(self):
        pass

    def do_teardown_appcontext(self):
        pass

def test_init_subclass_warning_for_old_signature(monkeypatch):
    with pytest.warns(DeprecationWarning, match=""The 'handle_http_exception' method now takes 'ctx: AppContext'""):
        TestFlaskSubclass.__init_subclass__()

    with pytest.warns(DeprecationWarning, match=""The 'handle_user_exception' method now takes 'ctx: AppContext'""):
        TestFlaskSubclass.__init_subclass__()

    with pytest.warns(DeprecationWarning, match=""The 'handle_exception' method now takes 'ctx: AppContext'""):
        TestFlaskSubclass.__init_subclass__()

    with pytest.warns(DeprecationWarning, match=""The 'log_exception' method now takes 'ctx: AppContext'""):
        TestFlaskSubclass.__init_subclass__()

    with pytest.warns(DeprecationWarning, match=""The 'dispatch_request' method now takes 'ctx: AppContext'""):
        TestFlaskSubclass.__init_subclass__()

    with pytest.warns(DeprecationWarning, match=""The 'full_dispatch_request' method now takes 'ctx: AppContext'""):
        TestFlaskSubclass.__init_subclass__()

    with pytest.warns(DeprecationWarning, match=""The 'finalize_request' method now takes 'ctx: AppContext'""):
        TestFlaskSubclass.__init_subclass__()

    with pytest.warns(DeprecationWarning, match=""The 'make_default_options_response' method now takes 'ctx: AppContext'""):
        TestFlaskSubclass.__init_subclass__()

    with pytest.warns(DeprecationWarning, match=""The 'preprocess_request' method now takes 'ctx: AppContext'""):
        TestFlaskSubclass.__init_subclass__()

    with pytest.warns(DeprecationWarning, match=""The 'process_response' method now takes 'ctx: AppContext'""):
        TestFlaskSubclass.__init_subclass__()

    with pytest.warns(DeprecationWarning, match=""The 'do_teardown_request' method now takes 'ctx: AppContext'""):
        TestFlaskSubclass.__init_subclass__()

    with pytest.warns(DeprecationWarning, match=""The 'do_teardown_appcontext' method now takes 'ctx: AppContext'""):
        TestFlaskSubclass.__init_subclass__()
```"
PY-047,python,data-research/python_functions/PY-047.py,"```python
import os
import pytest
from flask.sansio.scaffold import _find_package_path

def test_find_package_path_valid_module():
    assert _find_package_path(""flask"") == os.path.dirname(os.path.dirname(__import__(""flask"").__file__))

def test_find_package_path_valid_submodule():
    assert _find_package_path(""flask.sansio"") == os.path.dirname(os.path.dirname(__import__(""flask.sansio"").__file__))

def test_find_package_path_invalid_module():
    assert _find_package_path(""non_existent_module"") == os.getcwd()

def test_find_package_path_namespace_package():
    # Assuming 'pkg_resources' is a namespace package for testing
    assert _find_package_path(""pkg_resources"") == os.path.dirname(os.path.dirname(__import__(""pkg_resources"").__file__))

def test_find_package_path_main_module():
    assert _find_package_path(""__main__"") == os.getcwd()
```"
PY-048,python,data-research/python_functions/PY-048.py,"```python
import pytest
from flask import Flask
from flask.testing import FlaskClient

@pytest.fixture
def app():
    app = Flask(__name__)
    app.config['SERVER_NAME'] = 'example.com'
    app.config['APPLICATION_ROOT'] = '/app'
    app.config['PREFERRED_URL_SCHEME'] = 'http'
    return app

def test_init_with_base_url(app):
    client = FlaskClient(app, base_url='http://test.com')
    assert client.base_url == 'http://test.com'

def test_init_with_subdomain(app):
    client = FlaskClient(app, subdomain='api')
    assert client.base_url == 'http://api.example.com/app'

def test_init_with_url_scheme(app):
    client = FlaskClient(app, url_scheme='https')
    assert client.base_url == 'https://localhost/app'

def test_init_with_path_and_no_base_url(app):
    client = FlaskClient(app, path='/test')
    assert client.base_url == 'http://localhost/app/test'

def test_init_with_invalid_combination(app):
    with pytest.raises(AssertionError, match='Cannot pass ""subdomain"" or ""url_scheme"" with ""base_url"".'):
        FlaskClient(app, base_url='http://test.com', subdomain='api')

def test_init_with_empty_path(app):
    client = FlaskClient(app, path='')
    assert client.base_url == 'http://localhost/app/'
```"
PY-049,python,data-research/python_functions/PY-049.py,"```python
import pytest
from requests.sessions import Session

def test_should_strip_auth_hostname_different():
    session = Session()
    assert session.should_strip_auth(""http://example.com"", ""http://another.com"") is True

def test_should_strip_auth_http_to_https_same_host():
    session = Session()
    assert session.should_strip_auth(""http://example.com"", ""https://example.com"") is False

def test_should_strip_auth_http_to_https_different_ports():
    session = Session()
    assert session.should_strip_auth(""http://example.com:80"", ""https://example.com:443"") is False

def test_should_strip_auth_http_to_http_different_ports():
    session = Session()
    assert session.should_strip_auth(""http://example.com:80"", ""http://example.com:8080"") is True

def test_should_strip_auth_https_to_http_different_ports():
    session = Session()
    assert session.should_strip_auth(""https://example.com:443"", ""http://example.com:8080"") is True

def test_should_strip_auth_same_scheme_same_host_same_port():
    session = Session()
    assert session.should_strip_auth(""http://example.com:80"", ""http://example.com:80"") is False

def test_should_strip_auth_default_port_http():
    session = Session()
    assert session.should_strip_auth(""http://example.com"", ""http://example.com:80"") is False

def test_should_strip_auth_default_port_https():
    session = Session()
    assert session.should_strip_auth(""https://example.com"", ""https://example.com:443"") is False

def test_should_strip_auth_http_to_https_with_non_default_ports():
    session = Session()
    assert session.should_strip_auth(""http://example.com:8080"", ""https://example.com:443"") is True
```"
PY-050,python,data-research/python_functions/PY-050.py,"```python
import pytest
import os
import json
from flask import Flask

@pytest.fixture
def app():
    app = Flask(__name__)
    app.root_path = os.path.dirname(__file__)
    return app

def mock_load(f):
    return json.load(f)

def test_from_file_success(app, tmp_path):
    config_data = {""key"": ""value""}
    config_file = tmp_path / ""config.json""
    with open(config_file, 'w') as f:
        json.dump(config_data, f)

    app.config.from_file(str(config_file), load=mock_load)
    assert app.config[""key""] == ""value""

def test_from_file_file_not_exist(app):
    with pytest.raises(OSError):
        app.config.from_file(""non_existent_file.json"", load=mock_load)

def test_from_file_directory_instead_of_file(app, tmp_path):
    dir_path = tmp_path / ""directory""
    dir_path.mkdir()

    with pytest.raises(OSError):
        app.config.from_file(str(dir_path), load=mock_load)

def test_from_file_silent_mode(app, tmp_path):
    result = app.config.from_file(""non_existent_file.json"", load=mock_load, silent=True)
    assert result is False

def test_from_file_binary_mode(app, tmp_path):
    config_data = {""key"": ""value""}
    config_file = tmp_path / ""config.bin""
    with open(config_file, 'wb') as f:
        f.write(json.dumps(config_data).encode())

    app.config.from_file(str(config_file), load=mock_load, text=False)
    assert app.config[""key""] == ""value""
```"
PY-051,python,data-research/python_functions/PY-051.py,"```python
import pytest
from flask import Config

@pytest.fixture
def config():
    config = Config()
    config['IMAGE_STORE_TYPE'] = 'fs'
    config['IMAGE_STORE_PATH'] = '/var/app/images'
    config['IMAGE_STORE_BASE_URL'] = 'http://img.website.com'
    return config

def test_get_namespace_trim_and_lowercase(config):
    result = config.get_namespace('IMAGE_STORE_', lowercase=True, trim_namespace=True)
    expected = {
        'type': 'fs',
        'path': '/var/app/images',
        'base_url': 'http://img.website.com'
    }
    assert result == expected

def test_get_namespace_no_trim(config):
    result = config.get_namespace('IMAGE_STORE_', lowercase=True, trim_namespace=False)
    expected = {
        'IMAGE_STORE_TYPE': 'fs',
        'IMAGE_STORE_PATH': '/var/app/images',
        'IMAGE_STORE_BASE_URL': 'http://img.website.com'
    }
    assert result == expected

def test_get_namespace_no_lowercase(config):
    result = config.get_namespace('IMAGE_STORE_', lowercase=False, trim_namespace=True)
    expected = {
        'TYPE': 'fs',
        'PATH': '/var/app/images',
        'BASE_URL': 'http://img.website.com'
    }
    assert result == expected

def test_get_namespace_no_matching_namespace(config):
    result = config.get_namespace('NON_EXISTENT_', lowercase=True, trim_namespace=True)
    expected = {}
    assert result == expected

def test_get_namespace_empty_namespace(config):
    result = config.get_namespace('', lowercase=True, trim_namespace=True)
    expected = {
        'image_store_type': 'fs',
        'image_store_path': '/var/app/images',
        'image_store_base_url': 'http://img.website.com'
    }
    assert result == expected
```"
PY-052,python,data-research/python_functions/PY-052.py,"```python
import pytest
from flask.json.tag import register
from flask.json.tag import JSONTag

class MockSerializer:
    def __init__(self):
        self.tags = {}
        self.order = []

class MockTag(JSONTag):
    def __init__(self, serializer):
        super().__init__(serializer)
        self.key = ""mock_tag""

def test_register_new_tag():
    serializer = MockSerializer()
    register(serializer, MockTag)
    assert ""mock_tag"" in serializer.tags
    assert serializer.order[-1] == serializer.tags[""mock_tag""]

def test_register_existing_tag_without_force():
    serializer = MockSerializer()
    register(serializer, MockTag)
    with pytest.raises(KeyError, match=""Tag 'mock_tag' is already registered.""):
        register(serializer, MockTag)

def test_register_existing_tag_with_force():
    serializer = MockSerializer()
    register(serializer, MockTag)
    register(serializer, MockTag, force=True)
    assert ""mock_tag"" in serializer.tags
    assert serializer.order[-1] == serializer.tags[""mock_tag""]

def test_register_tag_with_index():
    serializer = MockSerializer()
    register(serializer, MockTag)
    register(serializer, MockTag, index=0)
    assert serializer.order[0] == serializer.tags[""mock_tag""]
    assert serializer.order[1] == serializer.tags[""mock_tag""]

def test_register_tag_with_none_index():
    serializer = MockSerializer()
    register(serializer, MockTag, index=None)
    assert serializer.order[-1] == serializer.tags[""mock_tag""]
```"
PY-053,python,data-research/python_functions/PY-053.py,"```python
import pytest
from flask.json.tag import _untag_scan

class MockClass:
    def untag(self, value):
        return value

    def _untag_scan(self, value):
        if isinstance(value, dict):
            value = {k: self._untag_scan(v) for k, v in value.items()}
            value = self.untag(value)
        elif isinstance(value, list):
            value = [self._untag_scan(item) for item in value]
        return value

@pytest.fixture
def mock_instance():
    return MockClass()

def test_untag_scan_dict(mock_instance):
    input_value = {'key1': 'value1', 'key2': 'value2'}
    expected_output = {'key1': 'value1', 'key2': 'value2'}
    assert mock_instance._untag_scan(input_value) == expected_output

def test_untag_scan_nested_dict(mock_instance):
    input_value = {'key1': {'subkey1': 'subvalue1'}, 'key2': 'value2'}
    expected_output = {'key1': {'subkey1': 'subvalue1'}, 'key2': 'value2'}
    assert mock_instance._untag_scan(input_value) == expected_output

def test_untag_scan_list(mock_instance):
    input_value = ['value1', 'value2', 'value3']
    expected_output = ['value1', 'value2', 'value3']
    assert mock_instance._untag_scan(input_value) == expected_output

def test_untag_scan_nested_list(mock_instance):
    input_value = [{'key1': 'value1'}, {'key2': 'value2'}]
    expected_output = [{'key1': 'value1'}, {'key2': 'value2'}]
    assert mock_instance._untag_scan(input_value) == expected_output

def test_untag_scan_empty_dict(mock_instance):
    input_value = {}
    expected_output = {}
    assert mock_instance._untag_scan(input_value) == expected_output

def test_untag_scan_empty_list(mock_instance):
    input_value = []
    expected_output = []
    assert mock_instance._untag_scan(input_value) == expected_output
```"
PY-054,python,data-research/python_functions/PY-054.py,"```python
import logging
import pytest
from flask.logging import has_level_handler

def test_has_level_handler_with_handler():
    logger = logging.getLogger(""test_logger"")
    handler = logging.StreamHandler()
    handler.setLevel(logging.INFO)
    logger.addHandler(handler)
    logger.setLevel(logging.DEBUG)
    
    assert has_level_handler(logger) is True

def test_has_level_handler_without_handler():
    logger = logging.getLogger(""test_logger_no_handler"")
    logger.setLevel(logging.DEBUG)
    
    assert has_level_handler(logger) is False

def test_has_level_handler_with_propagation():
    parent_logger = logging.getLogger(""parent_logger"")
    child_logger = logging.getLogger(""parent_logger.child"")
    
    parent_handler = logging.StreamHandler()
    parent_handler.setLevel(logging.WARNING)
    parent_logger.addHandler(parent_handler)
    parent_logger.setLevel(logging.DEBUG)
    
    child_logger.setLevel(logging.DEBUG)
    
    assert has_level_handler(child_logger) is True

def test_has_level_handler_with_no_propagation():
    logger = logging.getLogger(""no_propagation_logger"")
    logger.setLevel(logging.DEBUG)
    logger.propagate = False
    
    assert has_level_handler(logger) is False

def test_has_level_handler_with_multiple_handlers():
    logger = logging.getLogger(""multi_handler_logger"")
    handler1 = logging.StreamHandler()
    handler1.setLevel(logging.ERROR)
    handler2 = logging.StreamHandler()
    handler2.setLevel(logging.INFO)
    logger.addHandler(handler1)
    logger.addHandler(handler2)
    logger.setLevel(logging.DEBUG)
    
    assert has_level_handler(logger) is True
```"
PY-055,python,data-research/python_functions/PY-055.py,"```python
import pytest
from flask.sansio.app import App

@pytest.fixture
def app():
    return App()

def test_inject_url_defaults_with_no_blueprint(app):
    app.url_default_functions = {}
    values = {}
    app.inject_url_defaults(""simple_endpoint"", values)
    assert values == {}

def test_inject_url_defaults_with_empty_functions(app):
    app.url_default_functions = {""simple_endpoint"": []}
    values = {}
    app.inject_url_defaults(""simple_endpoint"", values)
    assert values == {}

def test_inject_url_defaults_with_single_function(app):
    def mock_function(endpoint, values):
        values['key'] = 'value'

    app.url_default_functions = {""simple_endpoint"": [mock_function]}
    values = {}
    app.inject_url_defaults(""simple_endpoint"", values)
    assert values == {'key': 'value'}

def test_inject_url_defaults_with_blueprint(app):
    def mock_function(endpoint, values):
        values['blueprint_key'] = 'blueprint_value'

    app.url_default_functions = {""blueprint.endpoint"": [mock_function]}
    values = {}
    app.inject_url_defaults(""blueprint.endpoint"", values)
    assert values == {'blueprint_key': 'blueprint_value'}

def test_inject_url_defaults_with_multiple_functions(app):
    def mock_function_one(endpoint, values):
        values['key_one'] = 'value_one'

    def mock_function_two(endpoint, values):
        values['key_two'] = 'value_two'

    app.url_default_functions = {""multi.endpoint"": [mock_function_one, mock_function_two]}
    values = {}
    app.inject_url_defaults(""multi.endpoint"", values)
    assert values == {'key_one': 'value_one', 'key_two': 'value_two'}
```"
PY-056,python,data-research/python_functions/PY-056.py,"```python
import pytest
from flask.sansio.app import handle_url_build_error
from werkzeug.routing import BuildError

class MockApp:
    def __init__(self):
        self.url_build_error_handlers = []

    def add_handler(self, handler):
        self.url_build_error_handlers.append(handler)

def handler_success(error, endpoint, values):
    return ""success""

def handler_none(error, endpoint, values):
    return None

def handler_raise(error, endpoint, values):
    raise BuildError(""Handler raised an error"")

def test_handle_url_build_error_success():
    app = MockApp()
    app.add_handler(handler_success)
    error = BuildError(""Test error"")
    result = handle_url_build_error(app, error, ""test_endpoint"", {})
    assert result == ""success""

def test_handle_url_build_error_none():
    app = MockApp()
    app.add_handler(handler_none)
    error = BuildError(""Test error"")
    with pytest.raises(BuildError):
        handle_url_build_error(app, error, ""test_endpoint"", {})

def test_handle_url_build_error_raise():
    app = MockApp()
    app.add_handler(handler_raise)
    error = BuildError(""Test error"")
    with pytest.raises(BuildError, match=""Handler raised an error""):
        handle_url_build_error(app, error, ""test_endpoint"", {})

def test_handle_url_build_error_multiple_handlers():
    app = MockApp()
    app.add_handler(handler_none)
    app.add_handler(handler_success)
    error = BuildError(""Test error"")
    result = handle_url_build_error(app, error, ""test_endpoint"", {})
    assert result == ""success""

def test_handle_url_build_error_re_raise():
    app = MockApp()
    app.add_handler(handler_raise)
    error = BuildError(""Test error"")
    with pytest.raises(BuildError, match=""Test error""):
        handle_url_build_error(app, error, ""test_endpoint"", {})
```"
PY-057,python,data-research/python_functions/PY-057.py,"```python
import pytest
from flask.sansio.blueprints import Blueprint

@pytest.fixture
def blueprint():
    return Blueprint('test_blueprint', __name__, url_prefix='/test')

def test_add_url_rule_with_rule(blueprint):
    blueprint.add_url_rule('example', view_func=lambda: ""Hello"")
    assert 'test_blueprint.test_blueprint.example' in blueprint.app.url_map._rules_by_endpoint

def test_add_url_rule_with_empty_rule(blueprint):
    blueprint.add_url_rule('', view_func=lambda: ""Hello"")
    assert '/test' in blueprint.app.url_map._rules

def test_add_url_rule_with_none_endpoint(blueprint):
    blueprint.add_url_rule('example', endpoint=None, view_func=lambda: ""Hello"")
    assert 'test_blueprint.test_blueprint.example' in blueprint.app.url_map._rules_by_endpoint

def test_add_url_rule_with_subdomain(blueprint):
    blueprint.add_url_rule('example', subdomain='test', view_func=lambda: ""Hello"")
    assert 'test_blueprint.test_blueprint.example' in blueprint.app.url_map._rules_by_endpoint

def test_add_url_rule_with_defaults(blueprint):
    blueprint.add_url_rule('example', defaults={'key': 'value'}, view_func=lambda: ""Hello"")
    assert 'test_blueprint.test_blueprint.example' in blueprint.app.url_map._rules_by_endpoint
    assert blueprint.url_defaults['key'] == 'value'
```"
PY-058,python,data-research/python_functions/PY-058.py,"```python
import pytest
from flask.sansio.scaffold import find_package

def test_find_package_installed_system():
    # Assuming 'flask' is installed in the system
    prefix, path = find_package('flask')
    assert prefix is not None
    assert 'site-packages' in path

def test_find_package_installed_virtualenv():
    # Assuming 'flask' is installed in a virtual environment
    prefix, path = find_package('flask')
    assert prefix is not None
    assert 'site-packages' in path

def test_find_package_not_installed():
    # Testing a package that is not installed
    prefix, path = find_package('non_existent_package')
    assert prefix is None
    assert path == os.path.join(os.getcwd(), 'non_existent_package')

def test_find_package_installed_custom_path():
    # Assuming a package is installed in a custom path
    prefix, path = find_package('custom_package')
    assert prefix is not None
    assert 'custom_path' in path  # Adjust based on actual custom path

def test_find_package_relative_path():
    # Testing a package that is installed with a relative path
    prefix, path = find_package('relative_package')
    assert prefix is not None
    assert 'relative_path' in path  # Adjust based on actual relative path
```"
PY-059,python,data-research/python_functions/PY-059.py,"```python
import pytest
from flask import Flask, Response
from flask.sessions import SecureCookieSessionInterface

class MockSession:
    def __init__(self, accessed=False, modified=False, data=None):
        self.accessed = accessed
        self.modified = modified
        self.data = data or {}

    def __bool__(self):
        return bool(self.data)

@pytest.fixture
def app():
    return Flask(__name__)

@pytest.fixture
def response():
    return Response()

@pytest.fixture
def session_interface():
    return SecureCookieSessionInterface()

def test_save_session_accessed(app, response, session_interface):
    session = MockSession(accessed=True, data={'key': 'value'})
    session_interface.save_session(app, session, response)
    assert ""Vary"" in response.vary
    assert ""Cookie"" in response.vary

def test_save_session_not_accessed(app, response, session_interface):
    session = MockSession(accessed=False, data={'key': 'value'})
    session_interface.save_session(app, session, response)
    assert ""Vary"" not in response.vary

def test_save_session_empty_not_modified(app, response, session_interface):
    session = MockSession(accessed=True, modified=False, data={})
    session_interface.save_session(app, session, response)
    assert ""Vary"" not in response.vary

def test_save_session_empty_modified(app, response, session_interface):
    session = MockSession(accessed=True, modified=True, data={})
    session_interface.save_session(app, session, response)
    assert ""Vary"" in response.vary
    assert response.headers.getlist('Set-Cookie') == []

def test_save_session_should_set_cookie(app, response, session_interface):
    session = MockSession(accessed=True, modified=True, data={'key': 'value'})
    session_interface.should_set_cookie = lambda app, session: True
    session_interface.get_expiration_time = lambda app, session: None
    session_interface.get_signing_serializer = lambda app: lambda x: x
    session_interface.save_session(app, session, response)
    assert ""Vary"" in response.vary
    assert ""Set-Cookie"" in response.headers

def test_save_session_should_not_set_cookie(app, response, session_interface):
    session = MockSession(accessed=True, modified=True, data={'key': 'value'})
    session_interface.should_set_cookie = lambda app, session: False
    session_interface.save_session(app, session, response)
    assert ""Vary"" not in response.vary
    assert ""Set-Cookie"" not in response.headers
```"
PY-060,python,data-research/python_functions/PY-060.py,"```python
import pytest
from flask.templating import _get_source_explained
from flask import Flask
from jinja2 import BaseLoader, TemplateNotFound

class MockLoader(BaseLoader):
    def __init__(self, source: str, should_raise: bool = False):
        self.source = source
        self.should_raise = should_raise

    def get_source(self, environment, template):
        if self.should_raise:
            raise TemplateNotFound(template)
        return self.source, None, lambda: False

class MockEnvironment:
    def __init__(self, loaders):
        self.loaders = loaders

    def _iter_loaders(self, template):
        for loader in self.loaders:
            yield (None, loader)

@pytest.fixture
def app():
    return Flask(__name__)

def test_get_source_explained_success(app):
    loaders = [MockLoader(""template content"")]
    env = MockEnvironment(loaders)
    result = _get_source_explained(app.jinja_env, ""template_name"")
    assert result == (""template content"", None, lambda: False)

def test_get_source_explained_multiple_loaders_success(app):
    loaders = [MockLoader(""first loader content""), MockLoader(""second loader content"")]
    env = MockEnvironment(loaders)
    result = _get_source_explained(app.jinja_env, ""template_name"")
    assert result == (""first loader content"", None, lambda: False)

def test_get_source_explained_template_not_found(app):
    loaders = [MockLoader(""first loader content""), MockLoader(""second loader content"", should_raise=True)]
    env = MockEnvironment(loaders)
    with pytest.raises(TemplateNotFound):
        _get_source_explained(app.jinja_env, ""template_name"")

def test_get_source_explained_all_loaders_fail(app):
    loaders = [MockLoader(""first loader content"", should_raise=True), MockLoader(""second loader content"", should_raise=True)]
    env = MockEnvironment(loaders)
    with pytest.raises(TemplateNotFound):
        _get_source_explained(app.jinja_env, ""template_name"")
```"
